plugin, operation, time (ms), max (ms), num
"tainted.TaintedInfiniteLoopExPlugin$Checker", "nextIterationForVar", 23 505, 35, 8 171
"newdelete.DanglingPointerStatPlugin$Checker", "apply", 18 895, 399, 18 878
"leaks.EscapePlugin$ApplyCommonHandler", "annotationApply", 221, 16, 126
"DFA", "all", 123, 123, 1
"overflow.pathsens.ValueSummaryPlugin$ValueDefinitionPropagator", "annotate", 104, 34, 17
"uninit.UninitArrayExPlugin$InitOperationsHandler", "apply", 68, 3, 9 439
"leaks.EscapePlugin$CompositeAccessHandler", "compositeAccess", 49, 1, 53
"cpp.UseAfterMovePlugin$PassedToFuncAfterMoveHandler", "compositeAccess", 41, 12, 31
"attr EscapeValue", "join", 38, 2, 20 448
"derefofnull.DerefPathSensPlugin$SuffDereferenceHandler", "apply", 36, 0, 614
