plugin, operation, time (ms), max (ms), num
"tainted.TaintedInfiniteLoopExPlugin$Checker", "nextIterationForVar", 107 156, 564, 87 925
"newdelete.DanglingPointerStatPlugin$Checker", "apply", 6 655, 1 182, 9 952
"leaks.EscapePlugin$CompositeAccessHandler", "compositeAccess", 319, 3, 467
"std.memory.LinkedListStatePlugin$ListElemUnlinkHandler", "compositeAccess", 231, 15, 292
"uninit.UninitPassedToJavaCtor$BadUseCopyOpHandler", "compositeAccess", 222, 5, 292
"cpp.UseAfterMovePlugin$PassedToFuncAfterMoveHandler", "compositeAccess", 216, 5, 292
"std.OldPureFunctionPlugin$PurePropertyHandler", "compositeAccess", 209, 1, 292
"tainted.sensitive.SensitiveLeakPlugin$LocalVarHandler", "compositeAccess", 208, 1, 292
"concurrency.NoLockStatPlugin$ReadWriteHandler", "compositeAccess", 204, 2, 292
"concurrency.NoCheckInLockPlugin$AccessHanlder", "compositeAccess", 197, 4, 292
