plugin, operation, time (ms), max (ms), num
"tainted.TaintedInfiniteLoopExPlugin$Checker", "nextIterationForVar", 23 441, 35, 8 171
"newdelete.DanglingPointerStatPlugin$Checker", "apply", 18 833, 399, 18 878
"leaks.EscapePlugin$ApplyCommonHandler", "annotationApply", 223, 16, 126
"overflow.pathsens.ValueSummaryPlugin$ValueDefinitionPropagator", "annotate", 129, 13, 17
"DFA", "all", 123, 123, 1
"uninit.UninitArrayExPlugin$InitOperationsHandler", "apply", 109, 7, 9 439
"leaks.EscapePlugin$CompositeAccessHandler", "compositeAccess", 52, 1, 53
"attr EscapeValue", "join", 48, 4, 20 448
"derefofnull.DerefPathSensPlugin$SuffDereferenceHandler", "apply", 34, 0, 614
"uninit.UninitPassedToJavaCtor$BadUseCopyOpHandler", "compositeAccess", 32, 2, 31
