plugin, operation, time (ms), max (ms), num
"tainted.TaintedInfiniteLoopExPlugin$Checker", "nextIterationForVar", 30 660, 1 187, 3 799
"newdelete.DanglingPointerStatPlugin$Checker", "apply", 6 994, 50, 6 722
"Leaks", "Memory", 104, 73, 2
"DFA", "all", 76, 76, 1
"tainted.sensitive.SensitiveLeakPlugin$LocalVarHandler", "compositeAccess", 62, 8, 52
"uninit.UninitPassedToJavaCtor$BadUseCopyOpHandler", "compositeAccess", 61, 4, 52
"std.OldPureFunctionPlugin$PurePropertyHandler", "compositeAccess", 60, 4, 52
"concurrency.NoLockStatPlugin$ReadWriteHandler", "compositeAccess", 56, 3, 52
"std.memory.LinkedListStatePlugin$ListElemUnlinkHandler", "compositeAccess", 55, 2, 52
"concurrency.NoCheckInLockPlugin$AccessHanlder", "compositeAccess", 53, 2, 52
