plugin, operation, time (ms), max (ms), num
"newdelete.DanglingPointerStatPlugin$Checker", "apply", 14 633, 28, 14 094
"Leaks", "Memory", 5 639, 498, 20
"tainted.TaintedInfiniteLoopExPlugin$Checker", "nextIterationForVar", 2 882, 12, 2 276
"Leaks", "Resources", 2 191, 208, 20
"overflow.pathsens.ValueSummaryPlugin$ValueDefinitionPropagator", "annotate", 545, 132, 10
"DFA", "all", 126, 126, 1
"ru.isp.svace.sens.strlen.StrlenConditionPlugin$1", "annotate", 84, 84, 1
"overflow.pathsens.ValueComparedPlugin$1", "annotate", 79, 41, 2
"uninit.UninitArrayExPlugin$InitOperationsHandler", "apply", 67, 12, 7 047
"attr EscapeValue", "join", 53, 4, 21 088
