plugin, operation, time (ms), max (ms), num
"tainted.TaintedInfiniteLoopExPlugin$Checker", "nextIterationForVar", 28 321, 41, 7 022
"newdelete.DanglingPointerStatPlugin$Checker", "apply", 11 233, 27, 13 104
"Leaks", "Memory", 388, 135, 3
"overflow.pathsens.OverflowConditionPlugin$BufferOverflowHandler", "annotate", 376, 375, 214
"Leaks", "Resources", 160, 58, 3
"newdelete.NewDeletePlugin$AmlReleasedHandler", "annotate", 84, 13, 69
"DFA", "all", 68, 68, 1
"overflow.pathsens.ValueComparedPlugin$1", "annotate", 63, 38, 2
"overflow.pathsens.ValueSummaryPlugin$ValueDefinitionPropagator", "annotate", 37, 37, 5
"overflow.pathsens.OverflowConditionPlugin$BufferOverflowPropagator", "annotationApply", 37, 12, 26
