plugin, operation, time (ms), max (ms), num
"Leaks", "Memory", 11 868, 491, 33
"newdelete.DanglingPointerStatPlugin$Checker", "apply", 7 948, 41, 7 388
"Leaks", "Resources", 1 391, 171, 33
"overflow.pathsens.ValueSummaryPlugin$ValueDefinitionPropagator", "annotate", 298, 46, 14
"DFA", "all", 149, 149, 1
"leaks.MemoryLeakPathSensPlugin$LeakApplyAnnotHandler", "annotate", 133, 14, 27
"overflow.pathsens.StringLengthPathSensPlugin$StringEventPropagator", "annotate", 71, 39, 2
"overflow.SizeMismatchPlugin$GlobalVarHandler", "globalVar", 66, 22, 29
"tainted.sensitive.SensitiveLeakPlugin$LocalVarHandler", "compositeAccess", 39, 2, 35
"cpp.UseAfterMovePlugin$PassedToFuncAfterMoveHandler", "compositeAccess", 37, 2, 35
