plugin, operation, time (ms), max (ms), num
"tainted.TaintedInfiniteLoopExPlugin$Checker", "nextIterationForVar", 54 860, 324, 6 937
"newdelete.DanglingPointerStatPlugin$Checker", "apply", 7 310, 399, 7 804
"leaks.EscapePlugin$ApplyCommonHandler", "annotationApply", 80, 10, 21
"DFA", "all", 50, 50, 1
"uninit.UninitArrayExPlugin$InitOperationsHandler", "apply", 45, 4, 3 902
"attr EscapeValue", "join", 30, 5, 10 206
"uninit.UninitPassedToJavaCtor$BadUseCopyOpHandler", "compositeAccess", 20, 3, 17
"newdelete.NewDeletePlugin$AmlReleasedHandler", "annotate", 16, 3, 81
"std.memory.LinkedListStatePlugin$ListElemUnlinkHandler", "compositeAccess", 16, 1, 17
"derefofnull.DerefOfNullInconsistentPlugin$EndFuncChecker", "functionEndForVar", 15, 14, 94
