function, , time (ms), max (ms), num
"*", " applyHandlers", 466 627, 1 696, 3 931
"*", " calc reachable", 99 253, 1 286, 3 931
"_ZN4pugi4impl14xpath_ast_node9step_pushERNS0_18xpath_node_set_rawEPNS_15xml_node_structEPNS0_15xpath_allocatorE", "all", 38 011, 1 340, 50
"_ZN4pugi4impl14xpath_ast_node16apply_predicatesERNS0_18xpath_node_set_rawEmRKNS0_11xpath_stackENS0_14nodeset_eval_tE", "all", 32 250, 1 431, 36
"_ZN4pugi4impl12string_valueERKNS_10xpath_nodeEPNS0_15xpath_allocatorE", "all", 29 333, 1 212, 72
"_ZN4pugi4impl14xpath_ast_node13eval_node_setERKNS0_13xpath_contextERKNS0_11xpath_stackENS0_14nodeset_eval_tE", "all", 24 389, 1 188, 40
"_ZN4pugi4impl11xpath_lexer4nextEv", "all", 17 639, 647, 44
"*", " fillElemMap", 16 998, 111, 3 931
"_ZN4pugi4impl14xpath_ast_node11eval_numberERKNS0_13xpath_contextERKNS0_11xpath_stackE", "all", 15 842, 947, 39
"_ZN4pugi4impl23xpath_allocator_captureD2Ev", "all", 12 681, 284, 145
"_ZN4pugi4impl19xml_buffered_writer5writeEc", "all", 11 940, 751, 30
"_ZN4pugi4impl12xpath_parser16parse_expressionEi", "all", 11 332, 1 359, 12
"*", " passed2unknown", 10 345, 117, 3 931
"_ZN4pugi4impl13strcpy_insituIPcmEEbRT_RT0_mPKcm", "all", 10 089, 1 697, 16
"_ZN4pugi8xml_text9_data_newEv", "all", 9 701, 855, 13
"_ZNK4pugi4impl25document_order_comparatorclERKNS_10xpath_nodeES4_", "all", 9 661, 1 640, 17
"*", " prevalNotify", 9 252, 46, 3 931
"*", " otherApplies", 8 609, 21, 3 931
"_ZN4pugi4impl12xpath_parser10alloc_nodeENS0_10ast_type_tENS_16xpath_value_typeEPNS0_14xpath_ast_nodeES5_", "all", 8 019, 387, 33
"*", " annotationApply", 7 003, 1 199, 3 931
"_ZN4pugi4impl24convert_string_to_numberEPKc", "all", 6 578, 404, 40
"_ZN4pugi4impl16load_buffer_implEPNS0_19xml_document_structEPNS_15xml_node_structEPvmjNS_12xml_encodingEbbPPc", "all", 6 521, 1 018, 7
"_ZN4pugi4impl19xml_buffered_writer5writeEcc", "all", 6 066, 552, 14
"_ZN4pugi4impl18xpath_node_set_raw17remove_duplicatesEPNS0_15xpath_allocatorE", "all", 5 452, 869, 10
"_ZN4pugi8xml_node8set_nameEPKc", "all", 5 185, 760, 8
"memcpy", "all", 5 120, 89, 181
"_ZNK4pugi4impl18xpath_lexer_stringeqEPKc", "all", 5 055, 250, 49
"_ZN4pugi4impl19xml_buffered_writer5writeEcccc", "all", 4 940, 582, 10
"_ZN4pugi4impl19xml_buffered_writer12write_bufferEPKcm", "all", 4 919, 696, 10
"_ZN4pugi4impl15append_new_nodeEPNS_15xml_node_structERNS0_13xml_allocatorENS_13xml_node_typeE", "all", 4 618, 1 569, 10
"_ZN4pugi4impl16node_copy_stringIPcmEEvRT_RT0_mS2_S6_PNS0_13xml_allocatorE", "all", 4 600, 687, 8
"_ZN4pugi4impl14node_copy_treeEPNS_15xml_node_structES2_", "all", 4 362, 1 019, 5
"_ZN4pugi4impl18node_output_simpleERNS0_19xml_buffered_writerEPNS_15xml_node_structEj", "all", 4 348, 1 712, 4
"_ZN4pugi4impl19xml_buffered_writer5writeEccc", "all", 4 262, 845, 9
"_ZN4pugi4impl18xpath_node_set_raw9push_backERKNS_10xpath_nodeEPNS0_15xpath_allocatorE", "all", 4 215, 394, 13
"_ZN4pugi4impl19xml_buffered_writer12write_stringEPKc", "all", 4 127, 415, 12
"*", " prepair", 4 096, 49, 3 931
"*", "1 add globals", 3 928, 39, 3 931
"_ZN4pugi4impl13allocate_nodeERNS0_13xml_allocatorENS_13xml_node_typeE", "all", 3 872, 470, 9
"_ZN4pugi4impl14xpath_ast_node11eval_stringERKNS0_13xpath_contextERKNS0_11xpath_stackE", "all", 3 822, 794, 33
"_ZN4pugi4impl14xpath_ast_node9step_pushERNS0_18xpath_node_set_rawEPNS_20xml_attribute_structEPNS_15xml_node_structEPNS0_15xpath_allocatorE", "all", 3 794, 766, 6
"_ZN4pugi4impl18allocate_attributeERNS0_13xml_allocatorE", "all", 3 674, 441, 9
"_ZN4pugi4impl19node_copy_attributeEPNS_20xml_attribute_structES2_", "all", 3 673, 994, 4
"_ZN4pugi4impl20append_new_attributeEPNS_15xml_node_structERNS0_13xml_allocatorE", "all", 3 591, 1 067, 6
"_ZN4pugi4impl19xml_buffered_writer5flushEv", "all", 3 535, 427, 9
"_ZN4pugi4impl19xml_buffered_writer5writeEccccc", "all", 3 513, 576, 7
"_ZN4pugi12xml_document5resetEv", "all", 3 511, 489, 8
"_ZN4pugi4impl12xpath_parser10alloc_nodeENS0_10ast_type_tEPNS0_14xpath_ast_nodeES4_NS0_11predicate_tE", "all", 3 510, 867, 6
"_ZN4pugi4impl3gap5flushEPc", "all", 3 361, 212, 26
"_ZN4pugi4impl14strconv_escapeEPcRNS0_3gapE", "all", 3 280, 456, 8
"_ZN4pugi4impl8strequalEPKcS2_", "all", 3 271, 80, 70
"_ZNK4pugi4impl18xpath_node_set_raw5firstEv", "all", 3 236, 756, 5
"_ZN4pugi4impl3gap4pushERPcm", "all", 3 000, 181, 24
"_ZN4pugi13xml_attribute8set_nameEPKc", "all", 2 944, 766, 4
"_ZNK4pugi11xpath_query13evaluate_nodeERKNS_10xpath_nodeE", "all", 2 914, 831, 4
"_ZN4pugi4impl18text_output_indentERNS0_19xml_buffered_writerEPKcmj", "all", 2 716, 474, 8
"_ZN4pugi4impl12xpath_parser10parse_stepEPNS0_14xpath_ast_nodeE", "all", 2 673, 957, 4
"_ZN4pugi4impl12xpath_parser11binary_op_t5parseERNS0_11xpath_lexerE", "all", 2 471, 267, 12
"_ZN4pugi12xml_document11load_bufferEPKvmjNS_12xml_encodingE", "all", 2 420, 1 295, 2
"_ZN4pugi4impl12xpath_parser28parse_relative_location_pathEPNS0_14xpath_ast_nodeE", "all", 2 365, 780, 4
"_ZN4pugi4impl12xpath_parser10alloc_nodeENS0_10ast_type_tEPNS0_14xpath_ast_nodeENS0_6axis_tENS0_10nodetest_tEPKc", "all", 2 359, 419, 8
"_ZN4pugi4impl14xpath_ast_node9step_fillINS0_12axis_to_typeILNS0_6axis_tE5EEEEEvRNS0_18xpath_node_set_rawERKNS_10xpath_nodeEPNS0_15xpath_allocatorEbT_", "all", 2 351, 874, 3
"_ZN4pugi4impl11utf8_writer3lowEPhj", "all", 2 299, 286, 15
"_ZNK4pugi4impl12xpath_string5c_strEv", "all", 2 247, 460, 60
"_ZN4pugi4impl12destroy_nodeEPNS_15xml_node_structERNS0_13xml_allocatorE", "all", 2 175, 746, 5
"_ZN4pugi4impl15node_output_endERNS0_19xml_buffered_writerEPNS_15xml_node_structE", "all", 2 160, 759, 4
"_ZN4pugi4impl18node_copy_contentsEPNS_15xml_node_structES2_PNS0_13xml_allocatorE", "all", 2 152, 1 214, 2
"_ZN4pugi4impl12xpath_parser19parse_location_pathEv", "all", 2 140, 794, 3
"_ZNK4pugi12xml_document4saveERNS_10xml_writerEPKcjNS_12xml_encodingE", "all", 2 126, 739, 3
"_ZN4pugi4impl12xpath_parser5errorEPKc", "all", 2 120, 137, 30
"_ZN4pugi4impl17set_value_integerIyPcmEEbRT0_RT1_mT_b", "all", 2 110, 620, 4
"_ZNK4pugi4impl18xpath_node_set_raw3endEv", "all", 2 093, 62, 103
"_ZN4pugi4impl14xpath_ast_node9step_fillINS0_12axis_to_typeILNS0_6axis_tE2EEEEEvRNS0_18xpath_node_set_rawERKNS_10xpath_nodeEPNS0_15xpath_allocatorEbT_", "all", 2 075, 731, 3
"_ZN4pugi4impl11text_outputERNS0_19xml_buffered_writerEPKcNS0_11chartypex_tEj", "all", 2 057, 667, 4
"_ZN4pugi4impl7median3IPNS_10xpath_nodeENS0_25document_order_comparatorEEET_S5_S5_S5_RKT0_", "all", 2 049, 1 588, 2
"_ZN4pugi4impl14xpath_ast_node9step_fillINS0_12axis_to_typeILNS0_6axis_tE1EEEEEvRNS0_18xpath_node_set_rawERKNS_10xpath_nodeEPNS0_15xpath_allocatorEbT_", "all", 2 027, 747, 3
"_ZNK4pugi10xpath_node4nodeEv", "all", 2 010, 76, 39
"_ZN4pugi4impl17set_value_integerImPcmEEbRT0_RT1_mT_b", "all", 1 983, 545, 4
"_ZN4pugi4impl14xpath_ast_node9step_fillINS0_12axis_to_typeILNS0_6axis_tE6EEEEEvRNS0_18xpath_node_set_rawERKNS_10xpath_nodeEPNS0_15xpath_allocatorEbT_", "all", 1 961, 754, 3
"_ZN4pugi4impl14xpath_ast_node9step_fillINS0_12axis_to_typeILNS0_6axis_tE9EEEEEvRNS0_18xpath_node_set_rawERKNS_10xpath_nodeEPNS0_15xpath_allocatorEbT_", "all", 1 943, 699, 3
"_ZN4pugi4impl14xpath_ast_node9step_fillINS0_12axis_to_typeILNS0_6axis_tE12EEEEEvRNS0_18xpath_node_set_rawERKNS_10xpath_nodeEPNS0_15xpath_allocatorEbT_", "all", 1 942, 899, 3
"_ZN4pugi11xpath_queryC2EPKcPNS_18xpath_variable_setE", "all", 1 929, 682, 3
"_ZN4pugi4impl17set_value_integerIjPcmEEbRT0_RT1_mT_b", "all", 1 928, 543, 4
"_ZN4pugi4impl17destroy_attributeEPNS_20xml_attribute_structERNS0_13xml_allocatorE", "all", 1 892, 387, 5
"_ZNK4pugi8xml_text5_dataEv", "all", 1 885, 150, 14
"_ZN4pugi4impl14save_file_implERKNS_12xml_documentEP8_IO_FILEPKcjNS_12xml_encodingE", "all", 1 866, 1 004, 2
"_ZN4pugi4impl19xml_buffered_writer5writeEcccccc", "all", 1 851, 474, 4
"_ZN4pugi4impl14load_file_implEPNS0_19xml_document_structEP8_IO_FILEjNS_12xml_encodingEPPc", "all", 1 850, 939, 2
"_ZN4pugi4impl14insertion_sortINS_10xpath_nodeENS0_25document_order_comparatorEEEvPT_S5_RKT0_", "all", 1 830, 1 830, 1
"_ZN4pugi4impl14xpath_ast_node9step_fillINS0_12axis_to_typeILNS0_6axis_tE3EEEEEvRNS0_18xpath_node_set_rawERKNS_10xpath_nodeEPNS0_15xpath_allocatorEbT_", "all", 1 825, 817, 3
"_ZN4pugi4impl17node_output_startERNS0_19xml_buffered_writerEPNS_15xml_node_structEPKcmjj", "all", 1 809, 1 336, 2
"_ZN4pugi4impl16xpath_stack_dataD2Ev", "all", 1 796, 256, 12
"_ZN4pugi4impl10partition3INS_10xpath_nodeENS0_25document_order_comparatorEEEvPT_S5_S4_RKT0_PS5_S9_", "all", 1 761, 1 160, 2
"_ZN4pugi4impl17set_value_convertIPcmEEbRT_RT0_mfi", "all", 1 756, 450, 4
"_ZN4pugi4impl14xpath_ast_node12eval_booleanERKNS0_13xpath_contextERKNS0_11xpath_stackE", "all", 1 740, 725, 20
"_ZN4pugi4impl17set_value_convertIPcmEEbRT_RT0_mdi", "all", 1 723, 505, 4
"_ZN4pugi4impl14xpath_ast_node15apply_predicateERNS0_18xpath_node_set_rawEmRKNS0_11xpath_stackEb", "all", 1 687, 890, 3
"_ZN4pugi4impl14xpath_ast_node9step_fillINS0_12axis_to_typeILNS0_6axis_tE4EEEEEvRNS0_18xpath_node_set_rawERKNS_10xpath_nodeEPNS0_15xpath_allocatorEbT_", "all", 1 647, 680, 3
"_ZN4pugi4impl15xpath_allocator8allocateEm", "all", 1 632, 206, 9
"_ZN4pugi14xpath_variable3setERKNS_14xpath_node_setE", "all", 1 588, 1 386, 2
"_ZN4pugi4impl13xml_allocator17deallocate_stringEPc", "all", 1 579, 288, 6
"_ZN4pugi4impl11node_outputERNS0_19xml_buffered_writerEPNS_15xml_node_structEPKcjj", "all", 1 559, 787, 2
"_ZN4pugi4impl14node_is_beforeEPNS_15xml_node_structES2_", "all", 1 527, 1 527, 1
"_ZNK4pugi10xpath_node6parentEv", "all", 1 505, 83, 24
"_ZN4pugi12xml_document7_createEv", "all", 1 489, 402, 4
"_ZN4pugi8xml_node12remove_childERKS0_", "all", 1 478, 1 478, 1
"_ZN4pugi4impl23xpath_allocator_captureC2EPNS0_15xpath_allocatorE", "all", 1 471, 31, 93
"_ZN4pugi4impl10xml_parser17parse_exclamationEPcPNS_15xml_node_structEjc", "all", 1 450, 1 398, 2
"_ZN4pugi8xml_node12append_childENS_13xml_node_typeE", "all", 1 426, 723, 2
"__assert_fail", "all", 1 417, 25, 178
"_ZN4pugi18xpath_variable_set6_cloneEPNS_14xpath_variableEPS2_", "all", 1 395, 504, 3
"_ZN4pugi4impl11xpath_firstEPKNS_10xpath_nodeES3_NS_14xpath_node_set6type_tE", "all", 1 393, 711, 2
"_ZN4pugi4impl13get_allocatorINS_15xml_node_structEEERNS0_13xml_allocatorEPKT_", "all", 1 390, 67, 28
"_ZN4pugi4impl14xpath_ast_node8optimizeEPNS0_15xpath_allocatorE", "all", 1 369, 1 356, 4
"_ZN4pugi4impl14xpath_ast_node9step_fillINS0_12axis_to_typeILNS0_6axis_tE7EEEEEvRNS0_18xpath_node_set_rawERKNS_10xpath_nodeEPNS0_15xpath_allocatorEbT_", "all", 1 363, 503, 3
"_ZN4pugi4impl14xpath_ast_node9step_fillINS0_12axis_to_typeILNS0_6axis_tE0EEEEEvRNS0_18xpath_node_set_rawERKNS_10xpath_nodeEPNS0_15xpath_allocatorEbT_", "all", 1 359, 523, 3
"_ZNK4pugi8xml_node4typeEv", "all", 1 353, 62, 28
"_ZN4pugi4impl14xpath_ast_node9step_fillINS0_12axis_to_typeILNS0_6axis_tE11EEEEEvRNS0_18xpath_node_set_rawERKNS_10xpath_nodeEPNS0_15xpath_allocatorEbT_", "all", 1 323, 506, 3
"*", " updateAml2valMap", 1 305, 29, 3 931
"_ZNK4pugi11xpath_query17evaluate_node_setERKNS_10xpath_nodeE", "all", 1 296, 668, 2
"_ZN4pugi4impl11utf8_writer4highEPhj", "all", 1 290, 227, 9
"_ZNK4pugi4impl18xpath_node_set_raw4sizeEv", "all", 1 236, 65, 33
"_ZN4pugi4impl10xml_parser14parse_questionEPcRPNS_15xml_node_structEjc", "all", 1 218, 1 194, 2
"_ZN4pugi4impl10xml_parser23parse_doctype_primitiveEPc", "all", 1 208, 611, 3
"_ZNK4pugi13xml_attributecvPFvPPPS0_EEv", "all", 1 151, 43, 37
"_ZN4pugi4impl14set_value_boolIPcmEEbRT_RT0_mb", "all", 1 129, 601, 2
"_ZN4pugi4impl19xml_buffered_writer5flushEPKcm", "all", 1 114, 386, 3
"_ZN4pugi4impl12xpath_string9from_heapEPKcS3_PNS0_15xpath_allocatorE", "all", 1 104, 357, 4
"*", "getDefinitionsForValues", 1 100, 245, 14 500
"_ZN4pugi4impl14xpath_ast_node9step_fillINS0_12axis_to_typeILNS0_6axis_tE10EEEEEvRNS0_18xpath_node_set_rawEPNS_15xml_node_structEPNS0_15xpath_allocatorEbT_", "all", 1 078, 548, 2
"_ZN4pugi4impl12xpath_string6appendERKS1_PNS0_15xpath_allocatorE", "all", 1 076, 635, 2
"_ZN4pugi18xpath_variable_set3addEPKcNS_16xpath_value_typeE", "all", 1 064, 282, 4
"_ZNK4pugi8xml_node5printERNS_10xml_writerEPKcjNS_12xml_encodingEj", "all", 1 058, 533, 2
"_ZN4pugi12xml_document11load_stringEPKcj", "all", 1 054, 1 054, 1
"_ZNK4pugi8xml_nodecvPFvPPPS0_EEv", "all", 1 048, 56, 41
"*", " updatePtTo", 1 046, 8, 3 931
"_ZN4pugi4impl19copy_xpath_variableEPNS_14xpath_variableEPKS1_", "all", 1 046, 351, 3
"_ZN4pugi4impl22node_output_attributesERNS0_19xml_buffered_writerEPNS_15xml_node_structEPKcmjj", "all", 1 023, 535, 2
"_ZN4pugi4impl12xpath_string4dataEPNS0_15xpath_allocatorE", "all", 1 023, 322, 4
"_ZN4pugi8xml_node16remove_attributeERKNS_13xml_attributeE", "all", 1 021, 1 021, 1
"_ZN4pugi4impl19xml_buffered_writer12write_directEPKcm", "all", 1 017, 553, 2
"_ZN4pugi4impl15set_value_asciiIPcmEEbRT_RT0_mS2_", "all", 1 008, 516, 2
"_ZN4pugi4impl10xml_parser20parse_doctype_ignoreEPc", "all", 1 007, 482, 3
"_ZNK4pugi4impl18xpath_node_set_raw5beginEv", "all", 997, 49, 38
"_ZN4pugi4impl16load_stream_implIwEENS_16xml_parse_resultEPNS0_19xml_document_structERSt13basic_istreamIT_St11char_traitsIS6_EEjNS_12xml_encodingEPPc", "all", 993, 993, 1
"_ZN4pugi4impl16load_stream_implIcEENS_16xml_parse_resultEPNS0_19xml_document_structERSt13basic_istreamIT_St11char_traitsIS6_EEjNS_12xml_encodingEPPc", "all", 945, 945, 1
"_ZN4pugi8xml_text3setEx", "all", 929, 929, 1
"_ZN4pugi4impl12utf16_writer3lowEPtj", "all", 917, 124, 23
"_ZN4pugi4impl15xpath_allocator10reallocateEPvmm", "all", 915, 321, 3
"_ZN4pugi8xml_nodeC2Ev", "all", 905, 52, 59
"_ZN4pugi4impl12xpath_parser10alloc_nodeEv", "all", 887, 186, 6
"_ZN4pugi4impl13latin1_writer3lowEPhj", "all", 877, 90, 22
"_ZN4pugi4impl13xml_allocator15allocate_memoryEmRPNS0_15xml_memory_pageE", "all", 867, 302, 3
"_ZNK4pugi4impl12xpath_string6lengthEv", "all", 864, 122, 14
"_ZN4pugi8xml_nodeC2EPNS_15xml_node_structE", "all", 860, 44, 45
"_ZN4pugi8xml_text3setEd", "all", 848, 848, 1
"_ZN4pugi4impl14xpath_ast_node22apply_predicate_numberERNS0_18xpath_node_set_rawEmPS1_RKNS0_11xpath_stackEb", "all", 848, 848, 1
"_ZN4pugi8xml_text3setEm", "all", 833, 833, 1
"_ZN4pugi8xml_node19insert_child_beforeENS_13xml_node_typeERKS0_", "all", 824, 824, 1
"_ZN4pugi4impl12utf32_writer3lowEPjj", "all", 822, 136, 22
"_ZN4pugi8xml_text3setEl", "all", 818, 818, 1
"_ZN4pugi12xml_document5_moveERS0_", "all", 812, 415, 2
"_ZN4pugi4impl9strlengthEPKc", "all", 807, 47, 26
"_ZN4pugi8xml_text3setEb", "all", 804, 804, 1
"_ZN4pugi4impl21convert_buffer_outputEPcPhPtPjPKcmNS_12xml_encodingE", "all", 803, 803, 1
"_ZN4pugi8xml_text3setEy", "all", 789, 789, 1
"_ZN4pugi4impl10allow_moveENS_8xml_nodeES1_", "all", 787, 205, 4
"_ZN4pugi4impl14xpath_ast_node9step_fillINS0_12axis_to_typeILNS0_6axis_tE2EEEEEvRNS0_18xpath_node_set_rawEPNS_15xml_node_structEPNS0_15xpath_allocatorEbT_", "all", 785, 785, 1
"_ZNK4pugi8xml_node14find_attributeINS_4impl23namespace_uri_predicateEEENS_13xml_attributeET_", "all", 783, 168, 6
"_ZN4pugi8xml_node18insert_child_afterENS_13xml_node_typeERKS0_", "all", 779, 779, 1
"_ZN4pugi4impl14xpath_ast_node9step_fillINS0_12axis_to_typeILNS0_6axis_tE10EEEEEvRNS0_18xpath_node_set_rawERKNS_10xpath_nodeEPNS0_15xpath_allocatorEbT_", "all", 776, 364, 3
"_ZN4pugi4impl12xpath_string22from_heap_preallocatedEPKcS3_", "all", 767, 170, 6
"_ZN4pugi8xml_text3setEf", "all", 766, 766, 1
"_ZN4pugi4impl14xpath_ast_node9step_fillINS0_12axis_to_typeILNS0_6axis_tE1EEEEEvRNS0_18xpath_node_set_rawEPNS_15xml_node_structEPNS0_15xpath_allocatorEbT_", "all", 755, 755, 1
"_ZN4pugi8xml_text3setEj", "all", 751, 751, 1
"_ZNK4pugi4impl11xpath_lexer7currentEv", "all", 747, 19, 59
"_ZN4pugi4impl12xpath_parser5parseEv", "all", 747, 747, 1
"_ZN4pugi8xml_node13prepend_childENS_13xml_node_typeE", "all", 742, 742, 1
"_ZN4pugi4impl14xpath_ast_node28apply_predicate_number_constERNS0_18xpath_node_set_rawEmPS1_RKNS0_11xpath_stackE", "all", 734, 734, 1
"_ZN4pugi4impl13strequalrangeEPKcS2_m", "all", 730, 185, 5
"_ZN4pugi18xpath_variable_set8_destroyEPNS_14xpath_variableE", "all", 729, 128, 6
"_ZN4pugi4impl14xpath_ast_node9step_fillINS0_12axis_to_typeILNS0_6axis_tE6EEEEEvRNS0_18xpath_node_set_rawEPNS_15xml_node_structEPNS0_15xpath_allocatorEbT_", "all", 708, 708, 1
"_ZN4pugi4impl14xpath_ast_node13optimize_selfEPNS0_15xpath_allocatorE", "all", 702, 702, 1
"_ZNK4pugi10xpath_nodeneERKS0_", "all", 700, 260, 5
"_ZN4pugi4impl10xpath_sortEPNS_10xpath_nodeES2_NS_14xpath_node_set6type_tEb", "all", 682, 341, 2
"_ZN4pugi4impl14xpath_ast_node9step_fillINS0_12axis_to_typeILNS0_6axis_tE4EEEEEvRNS0_18xpath_node_set_rawEPNS_15xml_node_structEPNS0_15xpath_allocatorEbT_", "all", 681, 681, 1
"_ZN4pugi4impl13xml_allocator17deallocate_memoryEPvmPNS0_15xml_memory_pageE", "all", 679, 240, 3
"_ZNK4pugi10xpath_node9attributeEv", "all", 665, 28, 34
"_ZN4pugi4impl19text_output_escapedERNS0_19xml_buffered_writerEPKcNS0_11chartypex_tEj", "all", 665, 665, 1
"_ZN4pugi8xml_text3setEPKc", "all", 664, 664, 1
"_ZNK4pugi8xml_node6parentEv", "all", 662, 93, 15
"_ZN4pugi4impl12utf8_decoder7processINS0_12utf32_writerEEENT_10value_typeEPKhmS5_S4_", "all", 652, 328, 2
"_ZN4pugi4impl22node_is_before_siblingEPNS_15xml_node_structES2_", "all", 635, 373, 2
"_ZN4pugi8xml_text3setEi", "all", 634, 634, 1
"_ZN4pugi4impl14xpath_ast_node9step_fillINS0_12axis_to_typeILNS0_6axis_tE1EEEEEvRNS0_18xpath_node_set_rawEPNS_20xml_attribute_structEPNS_15xml_node_structEPNS0_15xpath_allocatorEbT_", "all", 632, 632, 1
"_ZN4pugi4impl12xpath_stringC2Ev", "all", 622, 44, 21
"_ZNK4pugi8xml_node4rootEv", "all", 614, 152, 5
"_ZN4pugi4impl13xml_allocator15allocate_objectEmRPNS0_15xml_memory_pageE", "all", 613, 320, 2
"_ZN4pugi4impl16xpath_stack_dataC2Ev", "all", 613, 145, 6
"_ZNK4pugi18xpath_variable_set5_findEPKc", "all", 599, 305, 2
"_ZN4pugi4impl20node_output_pi_valueERNS0_19xml_buffered_writerEPKc", "all", 599, 599, 1
"_ZN4pugi4impl21document_buffer_orderERKNS_10xpath_nodeE", "all", 599, 302, 2
"_ZN4pugi13xml_attribute9set_valueEy", "all", 592, 592, 1
"_ZN4pugi4impl19get_buffer_encodingENS_12xml_encodingEPKvm", "all", 589, 207, 4
"_ZNK4pugi14xpath_variable4nameEv", "all", 586, 106, 9
"_ZN4pugi4impl16default_allocateEm", "all", 585, 30, 25
"_ZN4pugi4impl12xpath_parser12alloc_stringERKNS0_18xpath_lexer_stringE", "all", 578, 351, 2
"_ZN4pugi4impl18default_deallocateEPv", "all", 578, 46, 29
"_ZN4pugi4impl14xpath_ast_node9step_fillINS0_12axis_to_typeILNS0_6axis_tE9EEEEEvRNS0_18xpath_node_set_rawEPNS_15xml_node_structEPNS0_15xpath_allocatorEbT_", "all", 574, 574, 1
"_ZN4pugi4impl14xpath_ast_node9step_fillINS0_12axis_to_typeILNS0_6axis_tE6EEEEEvRNS0_18xpath_node_set_rawEPNS_20xml_attribute_structEPNS_15xml_node_structEPNS0_15xpath_allocatorEbT_", "all", 567, 567, 1
"_ZN4pugi4impl14xpath_ast_node9step_fillINS0_12axis_to_typeILNS0_6axis_tE5EEEEEvRNS0_18xpath_node_set_rawEPNS_15xml_node_structEPNS0_15xpath_allocatorEbT_", "all", 567, 567, 1
"_ZN4pugi4impl12xpath_string10from_constEPKc", "all", 563, 44, 17
"_ZN4pugi4impl11as_utf8_endEPcmPKwm", "all", 555, 287, 2
"_ZN4pugi4impl14xpath_ast_node9step_fillINS0_12axis_to_typeILNS0_6axis_tE0EEEEEvRNS0_18xpath_node_set_rawEPNS_20xml_attribute_structEPNS_15xml_node_structEPNS0_15xpath_allocatorEbT_", "all", 550, 550, 1
"_ZN4pugi13xml_attributeC2Ev", "all", 549, 54, 39
"_ZN4pugi13xml_attribute9set_valueEx", "all", 548, 548, 1
"_ZN4pugi4impl12xpath_parser5parseEPKcPNS_18xpath_variable_setEPNS0_15xpath_allocatorEPNS_18xpath_parse_resultE", "all", 547, 547, 1
"_ZN4pugi4impl12xpath_parser20parse_expression_recEPNS0_14xpath_ast_nodeEi", "all", 546, 446, 10
"_ZN4pugi12xml_document8_destroyEv", "all", 545, 197, 3
"_ZN4pugi4impl14xpath_ast_node9step_fillINS0_12axis_to_typeILNS0_6axis_tE9EEEEEvRNS0_18xpath_node_set_rawEPNS_20xml_attribute_structEPNS_15xml_node_structEPNS0_15xpath_allocatorEbT_", "all", 541, 541, 1
"_ZN4pugi4impl15strconv_commentEPcc", "all", 540, 540, 1
"_ZN4pugi4impl14xpath_ast_node18eval_string_concatERKNS0_13xpath_contextERKNS0_11xpath_stackE", "all", 538, 538, 1
"_ZN4pugi4impl11min_elementIPKNS_10xpath_nodeENS0_25document_order_comparatorEEET_S6_S6_RKT0_", "all", 529, 529, 1
"_ZN4pugi4impl19node_output_commentERNS0_19xml_buffered_writerEPKc", "all", 527, 527, 1
"_ZN4pugi13xml_attribute9set_valueEl", "all", 525, 525, 1
"_ZN4pugi4impl13strconv_cdataEPcc", "all", 520, 520, 1
"_ZN4pugi4impl12get_documentINS_15xml_node_structEEERNS0_19xml_document_structEPKT_", "all", 512, 100, 8
"_ZN4pugi4impl14xpath_ast_node9step_fillINS0_12axis_to_typeILNS0_6axis_tE3EEEEEvRNS0_18xpath_node_set_rawEPNS_15xml_node_structEPNS0_15xpath_allocatorEbT_", "all", 507, 507, 1
"_ZN4pugi13xml_attribute9set_valueEi", "all", 497, 497, 1
"_ZN4pugi13xml_attribute9set_valueEPKc", "all", 494, 494, 1
"_ZN4pugi4impl12xpath_string16duplicate_stringEPKcmPNS0_15xpath_allocatorE", "all", 491, 262, 2
"_ZN4pugi4impl14open_file_wideEPKwS2_", "all", 490, 256, 2
"_ZN4pugi4impl14xpath_ast_node9step_fillINS0_12axis_to_typeILNS0_6axis_tE10EEEEEvRNS0_18xpath_node_set_rawEPNS_20xml_attribute_structEPNS_15xml_node_structEPNS0_15xpath_allocatorEbT_", "all", 488, 488, 1
"_ZN4pugi4impl14xpath_ast_node9step_fillINS0_12axis_to_typeILNS0_6axis_tE0EEEEEvRNS0_18xpath_node_set_rawEPNS_15xml_node_structEPNS0_15xpath_allocatorEbT_", "all", 483, 483, 1
"_ZN4pugi4impl14xpath_ast_node9step_fillINS0_12axis_to_typeILNS0_6axis_tE7EEEEEvRNS0_18xpath_node_set_rawEPNS_15xml_node_structEPNS0_15xpath_allocatorEbT_", "all", 482, 482, 1
"_ZN4pugi13xml_attribute9set_valueEb", "all", 479, 479, 1
"_ZN4pugi13xml_attribute9set_valueEm", "all", 479, 479, 1
"_ZN4pugi13xml_attribute9set_valueEj", "all", 478, 478, 1
"_ZN4pugi4impl12xpath_parser14parse_functionERKNS0_18xpath_lexer_stringEmPPNS0_14xpath_ast_nodeE", "all", 476, 476, 1
"_ZN4pugi4impl18xpath_node_set_rawC2Ev", "all", 472, 37, 16
"_ZNK4pugi8xml_node15internal_objectEv", "all", 472, 33, 25
"_ZN4pugi4impl12xpath_parser24parse_primary_expressionEv", "all", 472, 472, 1
"*", " topsort", 471, 6, 3 931
"_ZN4pugi10xpath_nodeC2ERKNS_8xml_nodeE", "all", 471, 37, 16
"_ZN4pugi4impl18xpath_node_set_raw8set_typeENS_14xpath_node_set6type_tE", "all", 469, 17, 38
"_ZN4pugi4impl18xpath_node_set_raw6appendEPKNS_10xpath_nodeES4_PNS0_15xpath_allocatorE", "all", 467, 271, 2
"_ZN4pugi4impl14xpath_ast_node9step_fillINS0_12axis_to_typeILNS0_6axis_tE11EEEEEvRNS0_18xpath_node_set_rawEPNS_15xml_node_structEPNS0_15xpath_allocatorEbT_", "all", 466, 466, 1
"_ZN4pugi4impl13utf32_decoderINS0_9opt_falseEE7processINS0_11utf8_writerEEENT_10value_typeEPKjmS7_S6_", "all", 462, 281, 2
"_ZN4pugi13xml_attribute9set_valueEd", "all", 458, 458, 1
"_ZNK4pugi4impl14xpath_ast_node7rettypeEv", "all", 457, 27, 30
"_ZN4pugi4impl14xpath_ast_node9step_fillINS0_12axis_to_typeILNS0_6axis_tE12EEEEEvRNS0_18xpath_node_set_rawEPNS_15xml_node_structEPNS0_15xpath_allocatorEbT_", "all", 456, 456, 1
"_ZN4pugi4impl17text_output_cdataERNS0_19xml_buffered_writerEPKc", "all", 449, 449, 1
"_ZN4pugi4impl14xpath_ast_node9step_fillINS0_12axis_to_typeILNS0_6axis_tE5EEEEEvRNS0_18xpath_node_set_rawEPNS_20xml_attribute_structEPNS_15xml_node_structEPNS0_15xpath_allocatorEbT_", "all", 444, 444, 1
"_ZN4pugi4impl18new_xpath_variableENS_16xpath_value_typeEPKc", "all", 442, 120, 4
"_ZNK4pugi8xml_node16previous_siblingEPKc", "all", 431, 264, 2
"_ZN4pugi13xml_attribute9set_valueEf", "all", 428, 428, 1
"_ZN4pugi4impl11remove_nodeEPNS_15xml_node_structE", "all", 424, 91, 5
"_ZN4pugi4impl14get_value_uintEPKc", "all", 423, 288, 2
"_ZN4pugi4impl12is_text_nodeEPNS_15xml_node_structE", "all", 422, 75, 7
"_ZNK4pugi4impl11xpath_lexer8contentsEv", "all", 422, 40, 13
"_ZNK4pugi8xml_node11child_valueEv", "all", 420, 420, 1
"_ZN4pugi4impl26parse_declaration_encodingEPKhmRS2_Rm", "all", 419, 419, 1
"_ZN4pugi4impl12xpath_parser11binary_op_tC2ENS0_10ast_type_tENS_16xpath_value_typeEi", "all", 409, 33, 14
"_ZN4pugi4impl15normalize_spaceEPc", "all", 405, 233, 2
"_ZN4pugi4impl18xpath_node_set_raw14push_back_growERKNS_10xpath_nodeEPNS0_15xpath_allocatorE", "all", 398, 398, 1
"_ZN4pugi4impl3gapC2Ev", "all", 397, 38, 18
"_ZN4pugi14xpath_node_set7_assignEPKNS_10xpath_nodeES3_NS0_6type_tE", "all", 396, 149, 3
"_ZN4pugi13xml_attributeC2EPNS_20xml_attribute_structE", "all", 393, 55, 19
"_ZN4pugi4impl15xpath_get_orderEPKNS_10xpath_nodeES3_", "all", 390, 390, 1
"_ZN4pugi4impl13xpath_contextC2ERKNS_10xpath_nodeEmm", "all", 389, 37, 13
"_ZN4pugi4impl12auto_deleterINS0_16xml_stream_chunkIwEEED2Ev", "all", 389, 198, 2
"_ZN4pugi4impl13namespace_uriERKNS_10xpath_nodeE", "all", 386, 203, 2
"_ZN4pugi4impl12xpath_parser9error_recEv", "all", 385, 86, 6
"_ZNK4pugi8xml_nodeeqERKS0_", "all", 381, 77, 8
"_ZNK4pugi8xml_node9attributeEPKc", "all", 380, 126, 5
"_ZNSt9bad_allocC2Ev", "all", 379, 58, 9
"_ZN4pugi4impl16get_value_ullongEPKc", "all", 373, 266, 2
"_ZN4pugi11xpath_queryD2Ev", "all", 366, 72, 6
"_ZN4pugi4impl13get_value_intEPKc", "all", 363, 248, 2
"*", " delayedJoins", 360, 4, 3 931
"_ZN4pugi4impl13xml_allocator19allocate_memory_oobEmRPNS0_15xml_memory_pageE", "all", 360, 360, 1
"_ZN4pugi4impl12utf8_counter3lowEmj", "all", 359, 34, 14
"_ZNK4pugi8xml_node5childEPKc", "all", 358, 122, 3
"_ZN4pugi4impl16node_is_ancestorEPNS_15xml_node_structES2_", "all", 358, 55, 9
"_ZN4pugi18xpath_variable_set7_assignERKS0_", "all", 358, 200, 2
"_ZN4pugi4impl29convert_buffer_output_genericINS0_12utf8_decoderENS0_12utf16_writerEEEmNT0_10value_typeEPKcmT_S4_b", "all", 358, 358, 1
"_ZN4pugi4impl20get_variable_scratchERA32_cPNS_18xpath_variable_setEPKcS6_PPNS_14xpath_variableE", "all", 357, 357, 1
"_ZN4pugi4impl15get_value_llongEPKc", "all", 356, 247, 2
"_ZN4pugi4impl18get_mutable_bufferERPcRmPKvmb", "all", 355, 188, 2
"_ZNK4pugi8xml_nodeneERKS0_", "all", 354, 69, 8
"_ZN4pugi4impl14xpath_ast_node9step_fillINS0_12axis_to_typeILNS0_6axis_tE12EEEEEvRNS0_18xpath_node_set_rawEPNS_20xml_attribute_structEPNS_15xml_node_structEPNS0_15xpath_allocatorEbT_", "all", 353, 353, 1
"_ZN4pugi4impl17make_parse_resultENS_16xml_parse_statusEl", "all", 348, 35, 17
"_ZN4pugi4impl24convert_number_to_stringEdPNS0_15xpath_allocatorE", "all", 343, 343, 1
"_ZN4pugi10xpath_nodeC2Ev", "all", 341, 66, 11
"_ZN4pugi4impl12utf8_decoder7processINS0_12utf16_writerEEENT_10value_typeEPKhmS5_S4_", "all", 340, 340, 1
"_ZN4pugi4impl18xpath_node_set_raw7sort_doEv", "all", 340, 340, 1
"_ZN4pugi4impl12xpath_parser10alloc_nodeENS0_10ast_type_tENS_16xpath_value_typeEPKc", "all", 337, 337, 1
"_ZN4pugi4impl16xpath_query_impl7destroyEPS1_", "all", 335, 124, 3
"_ZNK4pugi13xml_attributentEv", "all", 331, 25, 16
"_ZNK4pugi8xml_nodentEv", "all", 322, 37, 13
"_ZN4pugi4impl12xpath_parser23parse_filter_expressionEv", "all", 321, 321, 1
"_ZN4pugi4impl12utf8_decoder7processINS0_13latin1_writerEEENT_10value_typeEPKhmS5_S4_", "all", 320, 320, 1
"_ZN4pugi4impl18insert_node_beforeEPNS_15xml_node_structES2_", "all", 319, 119, 3
"_ZN4pugi4impl12xpath_parser10alloc_nodeENS0_10ast_type_tENS_16xpath_value_typeEd", "all", 310, 310, 1
"_ZN4pugi4impl17insert_node_afterEPNS_15xml_node_structES2_", "all", 310, 117, 3
"_ZN4pugi4impl29convert_buffer_output_genericINS0_12utf8_decoderENS0_13latin1_writerEEEmNT0_10value_typeEPKcmT_S4_", "all", 309, 309, 1
"_ZN4pugi4impl4sortIPNS_10xpath_nodeENS0_25document_order_comparatorEEEvT_S5_RKT0_", "all", 309, 279, 5
"_ZN4pugi12xml_documentD2Ev", "all", 306, 160, 2
"_ZN4pugi4impl12auto_deleterINS0_16xml_stream_chunkIcEEED2Ev", "all", 306, 154, 2
"_ZN4pugi4impl13xml_allocator15allocate_stringEm", "all", 305, 305, 1
"_ZNK4pugi8xml_node12next_siblingEv", "all", 303, 71, 6
"_ZN4pugi4impl11hash_insertEPPKvmS2_", "all", 302, 156, 2
"_ZN4pugi4impl13utf32_counter3lowEmj", "all", 299, 21, 22
"_ZN4pugi4impl21convert_buffer_latin1ERPcRmPKvmb", "all", 297, 297, 1
"_ZN4pugi4impl11append_nodeEPNS_15xml_node_structES2_", "all", 294, 81, 4
"_ZN4pugi4impl29convert_buffer_output_genericINS0_12utf8_decoderENS0_12utf32_writerEEEmNT0_10value_typeEPKcmT_S4_b", "all", 293, 293, 1
"_ZN4pugi18xpath_variable_set3getEPKc", "all", 290, 290, 1
"_ZN4pugi23xml_named_node_iteratormmEv", "all", 288, 288, 1
"_ZN4pugi4impl13utf16_decoderINS0_8opt_trueEE7processINS0_11utf8_writerEEENT_10value_typeEPKtmS7_S6_", "all", 287, 287, 1
"_ZNK4pugi13xml_attribute5valueEv", "all", 280, 91, 5
"_ZN4pugi4impl24translate_table_generateEPNS0_15xpath_allocatorEPKcS4_", "all", 277, 277, 1
"_ZN4pugi4impl12xpath_parser10alloc_nodeENS0_10ast_type_tENS_16xpath_value_typeEPNS_14xpath_variableE", "all", 273, 273, 1
"_ZN4pugi15xpath_exceptionC2ERKNS_18xpath_parse_resultE", "all", 271, 162, 2
"_ZN4pugi4impl10xml_parser19parse_doctype_groupEPcc", "all", 270, 270, 1
"_ZN4pugi4impl12utf16_writer4highEPtj", "all", 269, 158, 3
"_ZN4pugi4impl14qualified_nameERKNS_10xpath_nodeE", "all", 266, 96, 3
"_ZN4pugi4impl13utf16_decoderINS0_9opt_falseEE7processINS0_11utf8_writerEEENT_10value_typeEPKtmS7_S6_", "all", 263, 263, 1
"_ZN4pugi4impl21load_stream_data_seekIwEENS_16xml_parse_statusERSt13basic_istreamIT_St11char_traitsIS4_EEPPvPm", "all", 262, 262, 1
"_ZN4pugi14xpath_variable3setEPKc", "all", 257, 146, 2
"_ZN4pugi4impl21load_stream_data_seekIcEENS_16xml_parse_statusERSt13basic_istreamIT_St11char_traitsIS4_EEPPvPm", "all", 256, 256, 1
"_ZN4pugi12xml_documentC2Ev", "all", 255, 255, 1
"_ZN4pugi4impl13namespace_uriENS_13xml_attributeENS_8xml_nodeE", "all", 254, 254, 1
"_ZN4pugi4impl25evaluate_node_set_prepareEPNS0_16xpath_query_implE", "all", 252, 135, 2
"_ZN4pugi4impl15is_attribute_ofEPNS_20xml_attribute_structEPNS_15xml_node_structE", "all", 252, 49, 6
"_ZNK4pugi4impl23namespace_uri_predicateclENS_13xml_attributeE", "all", 251, 101, 3
"_ZnwmPv", "all", 239, 20, 17
"_ZN4pugi4impl13wchar_decoder7processINS0_11utf8_writerEEENT_10value_typeEPKwmS5_S4_", "all", 238, 238, 1
"_ZN4pugi4impl12xpath_parserC2EPKcPNS_18xpath_variable_setEPNS0_15xpath_allocatorEPNS_18xpath_parse_resultE", "all", 233, 233, 1
"_ZN4pugi4impl15xpath_allocator7releaseEv", "all", 232, 83, 3
"_ZN4pugi4impl32convert_string_to_number_scratchERA32_cPKcS4_Pd", "all", 231, 231, 1
"_ZN4pugi14xpath_node_set5_moveERS0_", "all", 231, 115, 2
"_ZN4pugi4impl19xml_document_structC2EPNS0_15xml_memory_pageE", "all", 225, 129, 2
"_ZN4pugi4impl13namespace_uriENS_8xml_nodeE", "all", 224, 224, 1
"_ZNK4pugi8xml_node5valueEv", "all", 223, 65, 4
"_ZN4pugi4impl13utf32_decoderINS0_8opt_trueEE7processINS0_11utf8_writerEEENT_10value_typeEPKjmS7_S6_", "all", 219, 219, 1
"_ZNK4pugi4impl10less_equalclIdEEbRKT_S5_", "all", 217, 20, 13
"_ZNK4pugi4impl4lessclIdEEbRKT_S5_", "all", 215, 21, 13
"_ZN4pugi4impl11xpath_lexerC2EPKc", "all", 214, 214, 1
"_ZN4pugi4impl11starts_withEPKcS2_", "all", 213, 55, 5
"_ZN4pugi4impl21zero_terminate_bufferEPvmNS_12xml_encodingE", "all", 213, 78, 3
"_ZN4pugi4impl17string_to_integerIjEET_PKcS2_S2_", "all", 212, 106, 2
"_ZN4pugi4impl14convert_bufferERPcRmNS_12xml_encodingEPKvmb", "all", 208, 208, 1
"_ZN4pugi4impl18is_xpath_attributeEPKc", "all", 208, 66, 4
"_ZL7ret_anyv", "all", 206, 205, 2
"_ZN4pugi4impl14xpath_ast_nodeC2ENS0_10ast_type_tEPS1_NS0_6axis_tENS0_10nodetest_tEPKc", "all", 204, 204, 1
"_ZNK4pugi13xml_attribute14next_attributeEv", "all", 201, 60, 4
"_ZN4pugi4impl12auto_deleterI8_IO_FILEED2Ev", "all", 200, 33, 8
"_ZN4pugi4impl12prepend_nodeEPNS_15xml_node_structES2_", "all", 200, 71, 3
"_ZN4pugi4impl16append_attributeEPNS_20xml_attribute_structEPNS_15xml_node_structE", "all", 199, 69, 3
"_ZN4pugi4impl17convert_path_heapEPKw", "all", 199, 199, 1
"_ZN4pugi4impl23insert_attribute_beforeEPNS_20xml_attribute_structES2_PNS_15xml_node_structE", "all", 198, 105, 2
"_ZN4pugi14xpath_node_setC2EPKNS_10xpath_nodeES3_NS0_6type_tE", "all", 195, 195, 1
"_ZN4pugi4impl22convert_buffer_genericINS0_13utf16_decoderINS0_9opt_falseEEEEEbRPcRmPKvmT_", "all", 195, 195, 1
"_ZN4pugi14xpath_node_setaSERKS0_", "all", 194, 194, 1
"_ZN4pugi23xml_named_node_iteratorppEv", "all", 194, 194, 1
"_ZNK4pugi4impl14xpath_ast_node14is_posinv_stepEv", "all", 192, 192, 1
"_ZN4pugi4impl22insert_attribute_afterEPNS_20xml_attribute_structES2_PNS_15xml_node_structE", "all", 191, 111, 2
"_ZN4pugi4impl6uniqueIPNS_10xpath_nodeEEET_S4_S4_", "all", 188, 188, 1
"_ZN4pugi4impl12as_wide_implB5cxx11EPKcm", "all", 187, 112, 2
"_ZN4pugi10xpath_nodeC2ERKNS_13xml_attributeERKNS_8xml_nodeE", "all", 186, 64, 3
"_ZN4pugi4impl16xml_stream_chunkIwE6createEv", "all", 185, 79, 3
"_ZN4pugi4impl12xpath_parser20parse_node_test_typeERKNS0_18xpath_lexer_stringE", "all", 184, 147, 2
"__clang_call_terminate", "all", 182, 32, 20
"_ZN4pugi4impl18new_xpath_variableINS0_22xpath_variable_booleanEEEPT_PKc", "all", 180, 180, 1
"_ZN4pugi4impl14xpath_ast_nodeC2ENS0_10ast_type_tEPS1_S3_NS0_11predicate_tE", "all", 178, 178, 1
"_ZN4pugi4impl22convert_buffer_genericINS0_13utf32_decoderINS0_9opt_falseEEEEEbRPcRmPKvmT_", "all", 177, 177, 1
"_ZN4pugi4impl12auto_deleterINS0_16xpath_query_implEED2Ev", "all", 176, 91, 2
"_ZN4pugi4impl17string_to_integerIyEET_PKcS2_S2_", "all", 175, 89, 2
"_ZN4pugi4impl14xpath_ast_nodeC2ENS0_10ast_type_tENS_16xpath_value_typeEd", "all", 172, 172, 1
"_ZN4pugi4impl29check_string_to_number_formatEPKc", "all", 171, 171, 1
"_ZN4pugi4impl14latin1_decoder7processINS0_11utf8_writerEEENT_10value_typeEPKhmS5_S4_", "all", 171, 171, 1
"_ZN4pugi4impl35convert_number_to_mantissa_exponentEdRA32_cPPcPi", "all", 170, 170, 1
"_ZN4pugi14xpath_node_setC2Ev", "all", 169, 92, 2
"_ZN4pugi4impl14xpath_ast_node9eval_onceENS_14xpath_node_set6type_tENS0_14nodeset_eval_tE", "all", 168, 14, 14
"_ZN4pugi4impl23load_stream_data_noseekIwEENS_16xml_parse_statusERSt13basic_istreamIT_St11char_traitsIS4_EEPPvPm", "all", 168, 168, 1
"_ZN4pugi4impl14xpath_ast_nodeC2ENS0_10ast_type_tENS_16xpath_value_typeEPKc", "all", 166, 166, 1
"_ZN4pugi15xml_node_structC2EPNS_4impl15xml_memory_pageENS_13xml_node_typeE", "all", 165, 92, 2
"_ZN4pugi4impl12auto_deleterIvED2Ev", "all", 164, 37, 6
"_ZN4pugi4impl10local_nameERKNS_10xpath_nodeE", "all", 164, 92, 2
"_ZN4pugi4impl14xpath_ast_node23apply_predicate_booleanERNS0_18xpath_node_set_rawEmPS1_RKNS0_11xpath_stackEb", "all", 162, 162, 1
"_ZN4pugi4impl22convert_buffer_genericINS0_13utf32_decoderINS0_8opt_trueEEEEEbRPcRmPKvmT_", "all", 162, 162, 1
"_ZN4pugi18xpath_parse_resultC2Ev", "all", 161, 31, 6
"_ZNK4pugi8xml_node12next_siblingEPKc", "all", 160, 160, 1
"_ZN4pugi4impl13xml_allocator13allocate_pageEm", "all", 160, 160, 1
"_ZNK4pugi8xml_node4nameEv", "all", 159, 56, 3
"_ZN4pugi17xml_writer_streamC2ERSo", "all", 155, 77, 2
"_ZNK4pugi4impl18xpath_node_set_raw4typeEv", "all", 155, 15, 13
"_ZN4pugi4impl14xpath_ast_nodeC2ENS0_10ast_type_tENS_16xpath_value_typeEPNS_14xpath_variableE", "all", 155, 155, 1
"_ZN4pugi4impl4swapINS_10xpath_nodeEEEvRT_S4_", "all", 154, 28, 8
"_ZN4pugi4impl18xpath_node_set_raw8truncateEPNS_10xpath_nodeE", "all", 154, 55, 3
"_ZN4pugi4impl10xml_parser5parseEPcmPNS0_19xml_document_structEPNS_15xml_node_structEj", "all", 152, 152, 1
"_ZNK4pugi13xml_attribute4nameEv", "all", 152, 46, 4
"_ZNK4pugi13xml_attribute15internal_objectEv", "all", 151, 18, 11
"_ZNK4pugi10xpath_nodeeqERKS0_", "all", 149, 80, 2
"_ZN4pugi4impl9find_charEPKcc", "all", 148, 50, 4
"_ZN4pugi4impl16xml_stream_chunkIcE6createEv", "all", 146, 50, 3
"_ZN4pugi4impl23load_stream_data_noseekIcEENS_16xml_parse_statusERSt13basic_istreamIT_St11char_traitsIS4_EEPPvPm", "all", 145, 145, 1
"_ZNK4pugi4impl8equal_toclINS0_12xpath_stringEEEbRKT_S6_", "all", 144, 37, 10
"_ZNK4pugi8xml_node11first_childEv", "all", 143, 56, 3
"_ZN4pugi4impl11endian_swapEt", "all", 141, 21, 10
"_ZN4pugi4impl17integer_to_stringIjEEPcS2_S2_T_b", "all", 141, 141, 1
"_ZNK4pugi4impl14xpath_ast_node14is_posinv_exprEv", "all", 141, 134, 5
"_ZNK4pugi8xml_node10last_childEv", "all", 141, 56, 3
"_ZN4pugi4impl12get_documentINS_20xml_attribute_structEEERNS0_19xml_document_structEPKT_", "all", 140, 140, 1
"_ZN4pugi17xml_writer_streamC2ERSt13basic_ostreamIwSt11char_traitsIwEE", "all", 134, 77, 2
"_ZN4pugi4impl17prepend_attributeEPNS_20xml_attribute_structEPNS_15xml_node_structE", "all", 133, 67, 2
"_ZNK4pugi13xml_attributeeqERKS0_", "all", 132, 37, 4
"_ZN4pugi4impl17integer_to_stringImEEPcS2_S2_T_b", "all", 131, 131, 1
"_ZN4pugi4impl23xpath_variable_node_setC2Ev", "all", 131, 131, 1
"llvm.svace.tovoid", "all", 129, 11, 177
"_ZN4pugi4impl12xpath_parser15parse_axis_nameERKNS0_18xpath_lexer_stringERb", "all", 126, 126, 1
"_ZN4pugi4impl18new_xpath_variableINS0_23xpath_variable_node_setEEEPT_PKc", "all", 123, 123, 1
"_ZN4pugi4impl13xml_allocator7reserveEv", "all", 123, 5, 27
"_ZN4pugi4impl12utf8_counter4highEmj", "all", 123, 23, 8
"_ZN4pugi4impl17integer_to_stringIyEEPcS2_S2_T_b", "all", 122, 122, 1
"_ZN4pugi18xpath_variable_setD2Ev", "all", 122, 61, 2
"_ZN4pugi4impl11utf8_writer3anyEPhj", "all", 122, 122, 1
"_ZN4pugi4impl12xpath_stringC2EPKcbm", "all", 121, 44, 3
"_ZN4pugi4impl14xpath_ast_nodeC2ENS0_10ast_type_tENS_16xpath_value_typeEPS1_S4_", "all", 121, 121, 1
"*", " simplifiedValMap", 121, 2, 3 931
"_ZN4pugi4impl15translate_tableEPcPKh", "all", 119, 119, 1
"_ZN4pugi4impl12xpath_parser9error_oomEv", "all", 119, 59, 2
"_ZN4pugi4impl13get_allocatorINS_20xml_attribute_structEEERNS0_13xml_allocatorEPKT_", "all", 119, 59, 2
"memmove", "all", 118, 47, 4
"_ZN4pugi4impl12auto_deleterI8_IO_FILEEC2EPS2_PFvS4_E", "all", 116, 37, 4
"_ZN4pugi10xml_writerC2Ev", "all", 116, 54, 3
"_ZN4pugi4impl13latin1_writer4highEPhj", "all", 116, 88, 2
"_ZN4pugi4impl21delete_xpath_variableENS_16xpath_value_typeEPNS_14xpath_variableE", "all", 114, 61, 2
"_ZN4pugi4impl16xpath_query_implC2Ev", "all", 114, 114, 1
"_ZN4pugi4impl14xpath_ast_node8set_nextEPS1_", "all", 112, 37, 4
"_ZN4pugi4impl19strcpy_insitu_allowImEEbmRKT_mPc", "all", 111, 111, 1
"_ZN4pugi4impl14strlength_wideEPKw", "all", 110, 67, 2
"_ZN4pugi4impl11endian_swapEj", "all", 109, 23, 6
"_ZN4pugi4impl15xml_memory_page9constructEPv", "all", 108, 66, 2
"_ZN4pugi4impl22convert_buffer_genericINS0_13utf16_decoderINS0_8opt_trueEEEEEbRPcRmPKvmT_", "all", 108, 108, 1
"_ZN4pugi14xpath_variableC2ENS_16xpath_value_typeE", "all", 107, 42, 4
"_ZN4pugi4impl12utf8_decoder7processINS0_13utf32_counterEEENT_10value_typeEPKhmS5_S4_", "all", 106, 106, 1
"_ZN4pugi22xml_attribute_iteratormmEv", "all", 102, 102, 1
"_ZN4pugi4impl14xpath_ast_node11compare_relINS0_4lessEEEbPS1_S4_RKNS0_13xpath_contextERKNS0_11xpath_stackERKT_", "all", 101, 77, 2
"_ZNK4pugi14xpath_variable4typeEv", "all", 100, 27, 7
"_ZN4pugi4impl18allow_insert_childENS_13xml_node_typeES1_", "all", 98, 11, 10
"_ZN4pugi4impl18new_xpath_variableINS0_21xpath_variable_stringEEEPT_PKc", "all", 98, 98, 1
"_ZN4pugi17xml_node_iteratormmEv", "all", 97, 97, 1
"_ZNSt13basic_istreamIwSt11char_traitsIwEE4readEPwl", "all", 92, 33, 4
"_ZNK4pugi4impl18xpath_node_set_raw5emptyEv", "all", 92, 50, 2
"_ZN4pugi4impl9translateEPcPKcS3_m", "all", 92, 92, 1
"_ZN4pugi20xml_attribute_structC2EPNS_4impl15xml_memory_pageE", "all", 90, 90, 1
"strchr", "all", 89, 55, 2
"_ZN4pugi23xml_named_node_iteratorC2EPNS_15xml_node_structES2_PKc", "all", 87, 45, 2
"_ZN4pugi4impl21guess_buffer_encodingEPKhm", "all", 87, 87, 1
"_ZNSi4readEPcl", "all", 86, 27, 4
"_ZN4pugi4impl13xml_allocator15deallocate_pageEPNS0_15xml_memory_pageE", "all", 84, 30, 3
"_ZN4pugi4impl12auto_deleterIvE7releaseEv", "all", 84, 44, 3
"_ZN4pugi4impl15xpath_allocator6revertERKS1_", "all", 84, 84, 1
"_ZN4pugi4impl12auto_deleterINS0_16xml_stream_chunkIwEEEC2EPS3_PFvS5_E", "all", 83, 83, 1
"_ZN4pugi4impl12utf32_writer4highEPjj", "all", 83, 62, 2
"_ZN4pugi4impl22allow_insert_attributeENS_13xml_node_typeE", "all", 83, 11, 8
"_ZN4pugi4impl12as_utf8_implB5cxx11EPKwm", "all", 82, 42, 2
"_ZN4pugi4impl16remove_attributeEPNS_20xml_attribute_structEPNS_15xml_node_structE", "all", 82, 82, 1
"_ZN4pugi4impl18xpath_lexer_stringC2Ev", "all", 82, 24, 4
"_ZN4pugi4impl15xpath_allocatorC2EPNS0_18xpath_memory_blockEPb", "all", 81, 30, 3
"strlen", "all", 78, 24, 6
"_ZN4pugi4impl16xpath_query_impl6createEv", "all", 78, 78, 1
"_ZN4pugi4impl19xml_buffered_writerC2ERNS_10xml_writerENS_12xml_encodingE", "all", 77, 46, 2
"_ZN4pugi4impl13utf32_decoderINS0_9opt_falseEE7processINS0_12utf8_counterEEENT_10value_typeEPKjmS7_S6_", "all", 77, 42, 2
"_ZNSt9exceptionC2Ev", "all", 75, 45, 2
"_ZN4pugi4impl12auto_deleterIvEC2EPvPFvS3_E", "all", 74, 31, 3
"_ZN4pugi4impl12xpath_parser11binary_op_tC2Ev", "all", 71, 43, 2
"_ZNK4pugi4impl12xpath_stringneERKS1_", "all", 71, 71, 1
"_ZN4pugi17xml_node_iteratorC2EPNS_15xml_node_structES2_", "all", 71, 41, 2
"snprintf", "all", 71, 25, 3
"_ZN4pugi17xml_node_iteratorppEv", "all", 70, 70, 1
"_ZN4pugi4impl18new_xpath_variableINS0_21xpath_variable_numberEEEPT_PKc", "all", 69, 69, 1
"_ZN4pugi14xpath_variable3setEb", "all", 68, 34, 2
"_ZN4pugi4impl16get_valid_lengthEPKcm", "all", 67, 24, 3
"memset", "all", 67, 26, 4
"_ZN4pugi4impl15get_value_floatEPKc", "all", 66, 46, 2
"__sf_svace_jump", "all", 66, 6, 293
"_ZNK4pugi8xml_nodeltERKS0_", "all", 65, 65, 1
"_ZN4pugi4impl23namespace_uri_predicateC2EPKc", "all", 64, 34, 2
"_ZN4pugi15xml_writer_fileC2EPv", "all", 63, 63, 1
"*", " push", 62, 1, 3 931
"_ZNK4pugi4impl12xpath_stringeqERKS1_", "all", 62, 62, 1
"_ZN4pugi17xml_writer_streamD2Ev", "all", 61, 11, 9
"_ZN4pugi4impl14xpath_ast_node9set_rightEPS1_", "all", 61, 35, 2
"_ZN4pugi22xml_attribute_iteratorC2EPNS_20xml_attribute_structEPNS_15xml_node_structE", "all", 60, 32, 2
"_ZN4pugi4impl14get_value_boolEPKc", "all", 60, 38, 2
"_ZN4pugi4impl11hash_stringEPKc", "all", 60, 32, 2
"_ZN4pugi4impl16name_null_sentryD2Ev", "all", 59, 31, 2
"_ZN4pugi4impl4swapIPNS_10xpath_nodeEEEvRT_S5_", "all", 59, 25, 3
"_ZNK4pugi13xml_attribute18previous_attributeEv", "all", 58, 58, 1
"_ZNK4pugi8xml_node5beginEv", "all", 57, 57, 1
"_ZN4pugi4impl23xpath_variable_node_setD2Ev", "all", 56, 56, 1
"_ZNK4pugi8xml_node16previous_siblingEv", "all", 56, 56, 1
"_ZNKSt4fposI11__mbstate_tEcvlEv", "all", 55, 15, 4
"_ZNKSt4fposI11__mbstate_tEmiERKS1_", "all", 55, 27, 2
"_ZNK4pugi14xpath_variable12get_node_setEv", "all", 55, 55, 1
"_ZN4pugi4impl16xml_stream_chunkIwE7destroyEPS2_", "all", 54, 54, 1
"_ZN4pugi4impl29get_latin1_7bit_prefix_lengthEPKhm", "all", 53, 53, 1
"_ZN4pugi4impl14truncate_zerosEPcS1_", "all", 53, 53, 1
"_ZNK4pugi8xml_node14last_attributeEv", "all", 53, 53, 1
"_ZN4pugi14xpath_variable3setEd", "all", 52, 27, 2
"_ZN4pugi4impl16is_little_endianEv", "all", 52, 8, 9
"_ZN4pugi4impl13utf16_decoderINS0_9opt_falseEE7processINS0_12utf8_counterEEENT_10value_typeEPKtmS7_S6_", "all", 51, 51, 1
"_ZN4pugi22xml_attribute_iteratorppEv", "all", 51, 51, 1
"_ZN4pugi4impl15has_declarationEPNS_15xml_node_structE", "all", 50, 50, 1
"_ZNSt7__cxx1112basic_stringIcSt11char_traitsIcESaIcEEC1Ev", "all", 49, 14, 4
"_ZN4pugi4impl16xml_stream_chunkIcE7destroyEPS2_", "all", 49, 49, 1
"_ZN4pugi4impl21delete_xpath_variableINS0_23xpath_variable_node_setEEEvPT_", "all", 47, 47, 1
"__cxa_throw", "all", 47, 11, 11
"_ZNK4pugi14xpath_variable10get_stringEv", "all", 46, 30, 2
"_ZN4pugi4impl16get_value_doubleEPKc", "all", 45, 31, 2
"_ZN4pugi4impl9open_fileEPKcS2_", "all", 45, 25, 2
"_ZNK4pugi8xml_node16attributes_beginEv", "all", 44, 44, 1
"_ZN4pugi18xpath_variable_set5_swapERS0_", "all", 44, 44, 1
"_ZN4pugi4impl13as_utf8_beginEPKwm", "all", 44, 23, 2
"_ZN4pugi4impl14xpath_ast_node11compare_relINS0_10less_equalEEEbPS1_S4_RKNS0_13xpath_contextERKNS0_11xpath_stackERKT_", "all", 44, 22, 2
"_ZNK4pugi4impl12not_equal_toclIdEEbRKT_S5_", "all", 42, 25, 4
"_ZN4pugi4impl12auto_deleterINS0_16xpath_query_implEEC2EPS2_PFvS4_E", "all", 41, 41, 1
"_ZN4pugi4impl21delete_xpath_variableINS0_21xpath_variable_stringEEEvPT_", "all", 41, 41, 1
"_ZN4pugi4impl32convert_number_to_string_specialEd", "all", 41, 41, 1
"_ZN4pugi4impl21xpath_variable_stringC2Ev", "all", 40, 40, 1
"_ZNK4pugi8xml_node15first_attributeEv", "all", 40, 40, 1
"_ZN4pugi4impl22xpath_variable_booleanC2Ev", "all", 40, 40, 1
"_ZNK4pugi8xml_node14attributes_endEv", "all", 39, 39, 1
"_ZN4pugi4impl21xpath_variable_numberC2Ev", "all", 38, 38, 1
"_ZN4pugi16xml_object_rangeINS_23xml_named_node_iteratorEEC2ES1_S1_", "all", 38, 38, 1
"_ZN4pugi4impl21get_strconv_attributeEj", "all", 38, 38, 1
"_ZN4pugi4impl13utf32_decoderINS0_8opt_trueEE7processINS0_12utf8_counterEEENT_10value_typeEPKjmS7_S6_", "all", 38, 38, 1
"fclose", "all", 38, 19, 3
"_ZN4pugi16xml_parse_resultC2Ev", "all", 38, 38, 1
"_ZN4pugi4impl16xml_stream_chunkIwEC2Ev", "all", 38, 38, 1
"_ZNK4pugi8xml_node3endEv", "all", 37, 37, 1
"_ZN4pugi4impl16xml_stream_chunkIcEC2Ev", "all", 36, 36, 1
"_ZN4pugi14xpath_node_setD2Ev", "all", 36, 36, 1
"_ZN4pugi4impl14latin1_decoder7processINS0_12utf8_counterEEENT_10value_typeEPKhmS5_S4_", "all", 36, 36, 1
"_ZNK4pugi8xml_node21first_element_by_pathEPKcc", "all", 34, 10, 5
"fread", "all", 34, 34, 1
"_ZN4pugi4impl13utf16_decoderINS0_8opt_trueEE7processINS0_12utf8_counterEEENT_10value_typeEPKtmS7_S6_", "all", 34, 34, 1
"_ZNKSi6gcountEv", "all", 33, 13, 4
"_ZN4pugi4impl14find_substringEPKcS2_", "all", 33, 16, 3
"_ZN4pugi4impl12auto_deleterINS0_16xml_stream_chunkIcEEEC2EPS3_PFvS5_E", "all", 33, 33, 1
"_ZN4pugi16xml_object_rangeINS_17xml_node_iteratorEEC2ES1_S1_", "all", 33, 33, 1
"_ZN4pugi4impl21xpath_variable_stringD2Ev", "all", 33, 33, 1
"_ZN4pugi4impl18get_strconv_pcdataEj", "all", 32, 32, 1
"strstr", "all", 32, 32, 1
"_ZNK4pugi4impl12not_equal_toclINS0_12xpath_stringEEEbRKT_S6_", "all", 32, 7, 10
"fopen", "all", 32, 23, 2
"_ZN4pugi16xml_object_rangeINS_22xml_attribute_iteratorEEC2ES1_S1_", "all", 32, 32, 1
"_ZN4pugi4impl12auto_deleterI8_IO_FILEE7releaseEv", "all", 32, 19, 2
"_ZN4pugi4impl17convert_file_sizeIlEENS_16xml_parse_statusET_Rm", "all", 32, 32, 1
"_ZNK4pugi13xml_attributeneERKS0_", "all", 32, 32, 1
"_ZNK4pugi14xpath_node_set4sizeEv", "all", 31, 31, 1
"_ZNK4pugi4impl12xpath_string9uses_heapEv", "all", 31, 11, 3
"strcmp", "all", 30, 30, 1
"_ZN4pugi4impl13tolower_asciiEc", "all", 29, 5, 6
"_ZN4pugi4impl13wchar_decoder7processINS0_12utf8_counterEEENT_10value_typeEPKwmS5_S4_", "all", 29, 29, 1
"_ZN4pugi4impl16name_null_sentryC2EPNS_15xml_node_structE", "all", 28, 28, 1
"_ZNKSt13basic_istreamIwSt11char_traitsIwEE6gcountEv", "all", 27, 13, 4
"_ZN4pugi4impl13xml_allocatorC2EPNS0_15xml_memory_pageE", "all", 27, 27, 1
"_ZN4pugi4impl6is_nanEd", "all", 25, 7, 4
"floor", "all", 25, 10, 3
"_ZNKSt9basic_iosIwSt11char_traitsIwEE3eofEv", "all", 25, 7, 7
"_ZN4pugi4impl12xpath_parser30parse_path_or_unary_expressionEv", "all", 24, 13, 4
"_ZdlPv", "all", 24, 9, 3
"_ZNK4pugi4impl8equal_toclIdEEbRKT_S5_", "all", 24, 14, 4
"_ZN4pugi4impl10close_fileEP8_IO_FILE", "all", 24, 24, 1
"_ZN4pugi4impl13utf32_counter4highEmj", "all", 24, 12, 2
"_ZN4pugi15xml_writer_fileD2Ev", "all", 23, 11, 3
"_ZNK4pugi4impl12xpath_string5emptyEv", "all", 23, 23, 1
"_ZN4pugi4impl18get_wchar_encodingEv", "all", 23, 12, 2
"_ZN4pugi4impl7reverseIPNS_10xpath_nodeEEEvT_S4_", "all", 22, 22, 1
"*", " updateBaseSymbolToRetValMap", 22, 0, 3 931
"_ZNK4pugi14xpath_node_set3endEv", "all", 22, 22, 1
"_ZN4pugi4impl13get_file_sizeEP8_IO_FILERm", "all", 21, 21, 1
"_ZN4pugi4impl7gen_nanEv", "all", 21, 8, 3
"_ZNKSt9basic_iosIcSt11char_traitsIcEE4failEv", "all", 21, 11, 6
"_ZN4pugi4impl21delete_xpath_variableINS0_22xpath_variable_booleanEEEvPT_", "all", 21, 21, 1
"_ZN4pugi18xpath_variable_setC2Ev", "all", 20, 20, 1
"_ZNK4pugi14xpath_variable10get_numberEv", "all", 19, 19, 1
"_ZN4pugi4impl21delete_xpath_variableINS0_21xpath_variable_numberEEEvPT_", "all", 19, 19, 1
"_ZN4pugi4impl13round_nearestEd", "all", 18, 6, 3
"fstat", "all", 18, 18, 1
"_ZNSo5writeEPKcl", "all", 17, 17, 1
"_ZNSt7__cxx1112basic_stringIcSt11char_traitsIcESaIcEE6resizeEm", "all", 17, 11, 2
"_ZNKSt9basic_iosIcSt11char_traitsIcEE3eofEv", "all", 17, 7, 7
"_ZN4pugi4impl12auto_deleterINS0_16xpath_query_implEE7releaseEv", "all", 17, 17, 1
"_ZN4pugi8xml_textC2EPNS_15xml_node_structE", "all", 16, 16, 1
"ceil", "all", 16, 11, 2
"_ZNKSt9basic_iosIwSt11char_traitsIwEE4failEv", "all", 16, 7, 6
"_ZNK4pugi4impl11xpath_lexer5stateEv", "all", 16, 16, 1
"_ZNK4pugi14xpath_node_set5beginEv", "all", 16, 16, 1
"_ZNK4pugi14xpath_node_set4typeEv", "all", 16, 16, 1
"_ZNKSt9basic_iosIcSt11char_traitsIcEE3badEv", "all", 16, 6, 4
"strtod", "all", 15, 12, 3
"fwrite", "all", 15, 15, 1
"_ZN4pugi15xpath_exceptionD2Ev", "all", 15, 15, 1
"atoi", "all", 15, 15, 1
"_ZNK4pugi4impl11xpath_lexer11current_posEv", "all", 15, 15, 1
"_ZNKSt7__cxx1112basic_stringIwSt11char_traitsIwESaIwEE5c_strEv", "all", 15, 15, 1
"_ZNSt15__new_allocatorIcEC2Ev", "all", 13, 13, 1
"_ZNSt7__cxx1112basic_stringIcSt11char_traitsIcESaIcEEC1EPKcmRKS3_", "all", 13, 13, 1
"_ZNK4pugi14xpath_variable11get_booleanEv", "all", 13, 13, 1
"_ZNKSt9basic_iosIwSt11char_traitsIwEE3badEv", "all", 13, 8, 4
"_ZNSt7__cxx1112basic_stringIcSt11char_traitsIcESaIcEED1Ev", "all", 13, 6, 2
"_Z12memmove_bodyIcvEPT0_S1_PKS0_m", "all", 13, 13, 1
"fileno", "all", 13, 13, 1
"_ZNSaIcEC2Ev", "all", 12, 12, 1
"_ZNSt7__cxx1112basic_stringIcSt11char_traitsIcESaIcEEixEm", "all", 12, 2, 7
"_ZNSi5tellgEv", "all", 11, 5, 3
"sf_overwrite", "all", 11, 2, 26
"ferror", "all", 11, 11, 1
"sf_lib_arg_type", "all", 10, 3, 9
"_ZNSt7__cxx1112basic_stringIwSt11char_traitsIwESaIwEEC1Ev", "all", 10, 10, 1
"_ZNSt13basic_istreamIwSt11char_traitsIwEE5tellgEv", "all", 10, 4, 3
"_ZN4pugi4impl25get_write_native_encodingEv", "all", 10, 5, 2
"_ZNKSt7__cxx1112basic_stringIcSt11char_traitsIcESaIcEE5c_strEv", "all", 10, 10, 1
"_ZN4pugi4impl14xpath_ast_node7step_doINS0_12axis_to_typeILNS0_6axis_tE3EEEEENS0_18xpath_node_set_rawERKNS0_13xpath_contextERKNS0_11xpath_stackENS0_14nodeset_eval_tET_", "all", 9, 9, 1
"_ZN4pugi4impl14xpath_ast_node7step_doINS0_12axis_to_typeILNS0_6axis_tE4EEEEENS0_18xpath_node_set_rawERKNS0_13xpath_contextERKNS0_11xpath_stackENS0_14nodeset_eval_tET_", "all", 8, 8, 1
"free", "all", 8, 8, 1
"fflush", "all", 8, 8, 1
"_ZN4pugi4impl25convert_number_to_booleanEd", "all", 7, 7, 1
"_ZN4pugi4impl14xpath_ast_node7step_doINS0_12axis_to_typeILNS0_6axis_tE6EEEEENS0_18xpath_node_set_rawERKNS0_13xpath_contextERKNS0_11xpath_stackENS0_14nodeset_eval_tET_", "all", 7, 7, 1
"_ZN4pugi4impl14xpath_ast_node7step_doINS0_12axis_to_typeILNS0_6axis_tE10EEEEENS0_18xpath_node_set_rawERKNS0_13xpath_contextERKNS0_11xpath_stackENS0_14nodeset_eval_tET_", "all", 7, 7, 1
"_ZN4pugi4impl14xpath_ast_node7step_doINS0_12axis_to_typeILNS0_6axis_tE1EEEEENS0_18xpath_node_set_rawERKNS0_13xpath_contextERKNS0_11xpath_stackENS0_14nodeset_eval_tET_", "all", 7, 7, 1
"_ZNSt7__cxx1112basic_stringIwSt11char_traitsIwESaIwEED1Ev", "all", 7, 7, 1
"_ZNSt13basic_istreamIwSt11char_traitsIwEE5seekgElSt12_Ios_Seekdir", "all", 6, 6, 1
"_ZN4pugi4impl18get_write_encodingENS_12xml_encodingE", "all", 6, 6, 1
"_ZNK4pugi16xml_parse_resultcvbEv", "all", 6, 6, 1
"_ZN4pugi10xml_writerD2Ev", "all", 6, 4, 2
"_ZN4pugi4impl14xpath_ast_node7step_doINS0_12axis_to_typeILNS0_6axis_tE12EEEEENS0_18xpath_node_set_rawERKNS0_13xpath_contextERKNS0_11xpath_stackENS0_14nodeset_eval_tET_", "all", 6, 6, 1
"_ZN4pugi4impl14xpath_ast_node7step_doINS0_12axis_to_typeILNS0_6axis_tE2EEEEENS0_18xpath_node_set_rawERKNS0_13xpath_contextERKNS0_11xpath_stackENS0_14nodeset_eval_tET_", "all", 6, 6, 1
"_ZNSt13basic_ostreamIwSt11char_traitsIwEE5writeEPKwl", "all", 6, 6, 1
"_Z11strchr_bodyIciEPT_PKS0_T0_", "all", 5, 5, 1
"_ZN4pugi4impl14xpath_ast_node7step_doINS0_12axis_to_typeILNS0_6axis_tE5EEEEENS0_18xpath_node_set_rawERKNS0_13xpath_contextERKNS0_11xpath_stackENS0_14nodeset_eval_tET_", "all", 5, 5, 1
"sf_new", "all", 5, 5, 1
"_ZN4pugi4impl19round_nearest_nzeroEd", "all", 5, 5, 1
"_ZNSaIcED2Ev", "all", 5, 2, 2
"_ZN4pugi4impl14xpath_ast_node7step_doINS0_12axis_to_typeILNS0_6axis_tE9EEEEENS0_18xpath_node_set_rawERKNS0_13xpath_contextERKNS0_11xpath_stackENS0_14nodeset_eval_tET_", "all", 5, 5, 1
"_ZN4pugi4impl14xpath_ast_node7step_doINS0_12axis_to_typeILNS0_6axis_tE11EEEEENS0_18xpath_node_set_rawERKNS0_13xpath_contextERKNS0_11xpath_stackENS0_14nodeset_eval_tET_", "all", 5, 5, 1
"_ZN4pugi4impl14xpath_ast_node7step_doINS0_12axis_to_typeILNS0_6axis_tE7EEEEENS0_18xpath_node_set_rawERKNS0_13xpath_contextERKNS0_11xpath_stackENS0_14nodeset_eval_tET_", "all", 5, 5, 1
"fmod", "all", 4, 4, 1
"_ZN4pugi4impl10xml_parser10parse_treeEPcPNS_15xml_node_structEjc", "all", 4, 4, 1
"_ZNKSt7__cxx1112basic_stringIcSt11char_traitsIcESaIcEE4sizeEv", "all", 4, 4, 1
"_ZN4pugi4impl14xpath_ast_node7step_doINS0_12axis_to_typeILNS0_6axis_tE0EEEEENS0_18xpath_node_set_rawERKNS0_13xpath_contextERKNS0_11xpath_stackENS0_14nodeset_eval_tET_", "all", 4, 4, 1
"_ZNKSt7__cxx1112basic_stringIwSt11char_traitsIwESaIwEE4sizeEv", "all", 4, 4, 1
"_ZN4pugi4impl10xml_parser14parse_skip_bomEPc", "all", 4, 4, 1
"malloc", "all", 4, 4, 1
"_ZNSt9basic_iosIcSt11char_traitsIcEE5clearESt12_Ios_Iostate", "all", 4, 4, 1
"sf_assert_cond", "all", 4, 1, 5
"_Z11strstr_bodyIcEPT_PKS0_S3_", "all", 3, 3, 1
"_ZNSi5seekgESt4fposI11__mbstate_tE", "all", 3, 3, 1
"_ZNSt7__cxx1112basic_stringIwSt11char_traitsIwESaIwEE6resizeEm", "all", 3, 3, 1
"_ZNSt13basic_istreamIwSt11char_traitsIwEE5seekgESt4fposI11__mbstate_tE", "all", 3, 3, 1
"_ZNSt9basic_iosIwSt11char_traitsIwEE5clearESt12_Ios_Iostate", "all", 3, 3, 1
"sf_set_tainted_buf", "all", 3, 3, 1
"_Z11memset_bodyIcviEPT0_S1_T1_m", "all", 3, 3, 1
"_Z11strcmp_bodyIcEiPKT_S2_", "all", 3, 3, 1
"__cxa_allocate_exception", "all", 3, 0, 11
"sf_terminate_path", "all", 2, 2, 1
"_ZNSi5seekgElSt12_Ios_Seekdir", "all", 2, 2, 1
"_ZNK4pugi4impl12not_equal_toclIbEEbRKT_S5_", "all", 2, 1, 2
"_ZNK4pugi4impl8equal_toclIbEEbRKT_S5_", "all", 2, 1, 2
"sf_strlen", "all", 2, 2, 1
"_ZNSt15__new_allocatorIcED2Ev", "all", 2, 2, 1
"_ZN4pugi4impl10xml_parser25has_element_node_siblingsEPNS_15xml_node_structE", "all", 2, 2, 1
"sf_cond_range", "all", 2, 1, 2
"sf_set_trusted_sink_int", "all", 2, 0, 9
"_ZNSt9exceptionD2Ev", "all", 1, 1, 1
"sf_could_throw", "all", 1, 1, 2
"_ZN4pugi4impl4swapIPNS0_14xpath_ast_nodeEEEvRT_S5_", "all", 1, 0, 2
"sf_bitinit", "all", 1, 0, 5
"_ZNSt7__cxx1112basic_stringIwSt11char_traitsIwESaIwEEixEm", "all", 1, 1, 1
"sf_delete", "all", 1, 0, 2
"sf_set_must_be_not_null", "all", 1, 1, 1
"sf_could_throw_pedantic", "all", 1, 0, 2
"_ZN4pugi4impl4swapINS_16xpath_value_typeEEEvRT_S4_", "all", 1, 0, 2
"sf_fun_snprintf_like", "all", 1, 1, 1
"sf_pure", "all", 1, 0, 4
"_ZN4pugi4impl10xml_parserC2EPNS0_13xml_allocatorE", "all", 1, 1, 1
"sf_raw_new", "all", 1, 1, 1
"sf_str_to_int", "all", 0, 0, 1
"sf_must_not_be_release", "all", 0, 0, 4
"sf_buf_size_limit", "all", 0, 0, 4
"sf_buf_stop_at_null", "all", 0, 0, 5
"_ZN4pugi4impl14xpath_ast_node10compare_eqINS0_8equal_toEEEbPS1_S4_RKNS0_13xpath_contextERKNS0_11xpath_stackERKT_", "all", 0, 0, 1
"_ZN4pugi4impl14xpath_ast_node10compare_eqINS0_12not_equal_toEEEbPS1_S4_RKNS0_13xpath_contextERKNS0_11xpath_stackERKT_", "all", 0, 0, 1
"sf_set_errno_if", "all", 0, 0, 2
"sf_handle_release", "all", 0, 0, 1
"sf_set_trusted_sink_ptr", "all", 0, 0, 1
"sf_tocttou_access", "all", 0, 0, 1
"sf_handle_acquire", "all", 0, 0, 1
"sf_not_acquire_if_eq", "all", 0, 0, 1
"sf_fun_does_not_update_vargs", "all", 0, 0, 1
"sf_strncmp", "all", 0, 0, 1
"sf_malloc_arg", "all", 0, 0, 1
"sf_buf_size_limit_read", "all", 0, 0, 2
"sf_set_buf_size", "all", 0, 0, 1
"sf_use_format", "all", 0, 0, 1
"sf_bitcopy", "all", 0, 0, 2
"sf_transfer_tainted", "all", 0, 0, 1
"sf_must_be_checked", "all", 0, 0, 3
"sf_set_possible_negative", "all", 0, 0, 2
"sf_string_c_str_result", "all", 0, 0, 1
"sf_fread_buflen", "all", 0, 0, 1
"sf_set_tainted", "all", 0, 0, 1
"sf_sanitize", "all", 0, 0, 2
"sf_set_alloc_possible_null", "all", 0, 0, 1
"sf_use", "all", 0, 0, 1
"sf_fread", "all", 0, 0, 1
"sf_uncontrolled_ptr", "all", 0, 0, 1
"sf_buf_copy", "all", 0, 0, 2
"sf_string_dtor", "all", 0, 0, 1
"sf_buf_fill", "all", 0, 0, 1
"sf_set_possible_null", "all", 0, 0, 1
"sf_ferror", "all", 0, 0, 1
"sf_set_possible_nnts", "all", 0, 0, 1
"__cxx_global_var_init", "all", 0, 0, 1
"sf_uncontrolled_value", "all", 0, 0, 1
"sf_buf_overlap", "all", 0, 0, 1
"sf_no_errno_if", "all", 0, 0, 1
