scope, instruction, time (ms), max (ms), num
"all", "InstrCall", 634 140, 1 830, 4 666
"scc0", "InstrCall", 381 532, 1 830, 3 014
"scc1", "InstrCall", 211 576, 1 712, 1 296
"all", "InstrRet", 118 171, 1 303, 1 756
"scc0", "InstrRet", 118 149, 1 303, 1 708
"scc0", "InstrAnnotate", 86 033, 3 506, 861
"all", "InstrAnnotate", 86 033, 3 506, 861
"all", "InstrDeref", 70 043, 1 532, 18 021
"annotation", "createContext", 67 105, 3 151, 660
"scc2", "InstrCall", 41 031, 1 640, 356
"all", "InstrPmove", 24 707, 214, 7 387
"scc0", "InstrDeref", 24 580, 304, 7 776
"scc1", "InstrDeref", 22 785, 1 532, 6 228
"scc2", "InstrDeref", 21 352, 72, 3 811
"scc0", "InstrPmove", 19 130, 214, 4 741
"annotation", "walk", 10 989, 195, 660
"all", "InstrICmpEq", 7 535, 227, 1 380
"all", "InstrAssumeEq", 6 054, 48, 7 825
"scc2", "InstrICmpEq", 5 290, 26, 1 062
"annotation:walk", "chooseVisibleElements", 5 087, 84, 660
"annotation:walk", "addParents", 5 038, 161, 660
"scc0", "InstrResume", 4 726, 434, 40
"all", "InstrResume", 4 726, 434, 40
"all", "InstrGEP", 4 290, 28, 7 352
"scc1", "InstrPmove", 4 069, 66, 1 609
"scc0", "InstrAssumeEq", 1 954, 26, 3 222
"annotation", "escape", 1 746, 78, 660
"scc2", "InstrAssumeEq", 1 665, 28, 1 679
"scc1", "InstrAssumeEq", 1 658, 48, 2 832
"all", "InstrPcall", 1 632, 125, 70
"scc0", "InstrGEP", 1 576, 16, 3 641
"scc0", "InstrICmpEq", 1 527, 227, 162
"scc2", "InstrGEP", 1 500, 26, 1 645
"scc2", "InstrPmove", 1 440, 18, 990
"scc0", "InstrPcall", 1 338, 125, 53
"scc3", "InstrDeref", 1 325, 28, 206
"scc1", "InstrGEP", 1 120, 28, 1 966
"annotation:walk", "collectNodes", 847, 26, 660
"scc3", "InstrAssumeEq", 775, 24, 92
"scc1", "InstrICmpEq", 714, 71, 124
"all", "InstrCast", 595, 16, 3 514
"all", "InstrAssumeTrue", 568, 24, 1 288
"all", "InstrBinaryAnd", 537, 15, 1 075
"all", "InstrAssumeGreater", 463, 16, 1 024
"scc0", "InstructionsBlock", 433, 14, 862
"all", "InstructionsBlock", 433, 14, 862
"all", "InstrAdd", 369, 44, 333
"scc2", "InstrBinaryAnd", 330, 5, 570
"scc2", "InstrCast", 297, 16, 1 212
"scc1", "InstrAdd", 297, 44, 194
"scc1", "InstrAssumeGreater", 279, 16, 590
"scc1", "InstrPcall", 275, 48, 14
"all", "InstrAssumeInvoke", 212, 12, 654
"scc2", "InstrAssumeTrue", 197, 24, 264
"scc0", "InstrAssumeInvoke", 196, 12, 377
"scc1", "InstrAssumeTrue", 191, 17, 430
"scc0", "InstrAssumeTrue", 178, 13, 594
"scc0", "InstrAssumeGreater", 163, 9, 374
"scc1", "InstrBinaryAnd", 151, 15, 356
"all", "InstrSub", 150, 6, 372
"scc1", "InstrCast", 147, 4, 1 301
"scc0", "InstrCast", 143, 12, 895
"scc1", "InstrSub", 111, 6, 243
"scc0", "InstrSelect", 99, 65, 39
"all", "InstrSelect", 99, 65, 39
"scc3", "InstrGEP", 93, 7, 100
"all", "InstrMove", 87, 3, 1 135
"scc3", "InstrPmove", 67, 3, 47
"scc0", "InstrAdd", 63, 5, 131
"scc0", "InstrExtract", 54, 8, 188
"all", "InstrExtract", 54, 8, 188
"scc0", "InstrBinaryAnd", 48, 5, 96
"scc0", "InstrLandingPad", 40, 7, 104
"all", "InstrLandingPad", 40, 7, 104
"scc1", "InstrMove", 38, 3, 311
"scc0", "InstrSub", 32, 3, 113
"scc0", "InstrMove", 29, 2, 704
"all", "InstrMul", 25, 2, 96
"scc2", "InstrAssumeGreater", 20, 3, 60
"scc2", "InstrMove", 19, 3, 120
"scc2", "InstrPcall", 18, 7, 3
"all", "InstrBinaryOr", 17, 4, 107
"scc0", "InstrMul", 17, 2, 65
"scc1", "InstrAssumeInvoke", 12, 1, 205
"scc2", "InstrRet", 12, 0, 24
"all", "InstrShr", 10, 3, 36
"all", "InstrShl", 10, 0, 65
"scc1", "InstrBinaryOr", 10, 4, 67
"scc0", "InstrShr", 10, 3, 32
"scc1", "InstrRet", 9, 0, 24
"all", "InstrDiv", 9, 0, 59
"scc1", "InstrMul", 8, 1, 31
"scc2", "InstrAdd", 8, 2, 8
"scc1", "InstrShl", 7, 0, 58
"scc0", "InstrBinaryOr", 7, 0, 40
"scc3", "InstrBinaryAnd", 6, 0, 53
"scc3", "InstrCast", 6, 0, 106
"scc2", "InstrSub", 6, 0, 16
"all", "InstrICmpGreater", 6, 0, 47
"scc0", "InstrDiv", 4, 0, 28
"scc1", "InstrDiv", 4, 0, 31
"scc0", "InstrICmpGreater", 4, 0, 30
"all", "InstrMod", 3, 0, 16
"scc2", "InstrAssumeInvoke", 3, 0, 72
"scc3", "InstrICmpEq", 3, 0, 32
"scc0", "InstrShl", 2, 0, 7
"scc1", "InstrMod", 2, 0, 11
"all", "InstrXor", 1, 0, 11
"scc0", "InstrMod", 1, 0, 5
"scc0", "InstrXor", 1, 0, 9
"scc2", "InstrICmpGreater", 1, 0, 9
"scc1", "InstrICmpGreater", 0, 0, 8
"scc1", "InstrShr", 0, 0, 4
"scc0", "InstrRewrite", 0, 0, 80
"all", "InstrRewrite", 0, 0, 80
"scc1", "InstrXor", 0, 0, 2
"scc0", "InstrUnreachable", 0, 0, 25
"all", "InstrUnreachable", 0, 0, 25
"all", "merge-ctx", 0, 0, 4 186
"scc0", "merge-ctx", 0, 0, 2 108
"scc1", "merge-ctx", 0, 0, 1 580
"scc2", "merge-ctx", 0, 0, 468
"scc3", "merge-ctx", 0, 0, 30
