key, type, time (ms), max (ms), num
"FuncCallResAttr", "solving", 616, 90, 35
"overflow.pathsens.BufferOverflowZ3Plugin$BufferOverflowChecker:interface ru.isp.svace.ipa.operation.builtin.CopyOperationGroup.bufferAccess", "solving", 185, 14, 44
"BigPositiveValueAttr", "solving", 65, 30, 5
"derefofnull.DerefOfNullInconsistentPlugin$EndFuncChecker:interface ru.isp.svace.ipa.operation.builtin.CopyOperationGroup.functionEndForVar", "solving", 54, 16, 7
"DerefOfNullRetSensPlugin", "solving", 54, 12, 15
"FuncCallResAttr", "creation", 39, 7, 35
"derefofnull.DerefOfNullPathSensPlugin$DerefChecker:interface ru.isp.svace.ipa.operation.builtin.CopyOperationGroup.deref", "solving", 19, 6, 5
"uninit.AbstractUninitExPlugin$AccessUninitLocalVarHandler:interface ru.isp.svace.ipa.operation.builtin.CopyOperationGroup.returnFromCurProc", "solving", 18, 18, 1
"derefofnull.DerefOfNullPathSensPlugin$DerefChecker:interface ru.isp.svace.ipa.operation.builtin.CopyOperationGroup.apply", "solving", 10, 6, 2
"overflow.pathsens.BufferOverflowZ3Plugin$BufferOverflowChecker:interface ru.isp.svace.ipa.operation.builtin.CopyOperationGroup.bufferAccess", "creation", 9, 0, 44
"", "solving", 9, 9, 1
"BufferOverflowProc", "solving", 7, 7, 1
"derefofnull.DerefOfNullInconsistentPlugin$EndFuncChecker:interface ru.isp.svace.ipa.operation.builtin.CopyOperationGroup.functionEndForVar", "creation", 4, 0, 7
"DerefOfNullRetSensPlugin", "creation", 4, 1, 15
"BigPositiveValueAttr", "creation", 3, 1, 5
"uninit.AbstractUninitExPlugin$AccessUninitLocalVarHandler:interface ru.isp.svace.ipa.operation.builtin.CopyOperationGroup.returnFromCurProc", "creation", 3, 3, 1
"SuffDerefIfCond", "solving", 2, 2, 1
"derefofnull.NullPointerDereferencePlugin$NullDerefCopyHandler:interface ru.isp.svace.ipa.operation.builtin.CopyOperationGroup.timidApply", "solving", 2, 2, 1
"BufferOverflowProc", "creation", 1, 1, 1
"derefofnull.DerefOfNullPathSensPlugin$DerefChecker:interface ru.isp.svace.ipa.operation.builtin.CopyOperationGroup.deref", "creation", 0, 0, 5
"derefofnull.DerefOfNullPathSensPlugin$DerefChecker:interface ru.isp.svace.ipa.operation.builtin.CopyOperationGroup.apply", "creation", 0, 0, 2
"", "creation", 0, 0, 1
"SuffDerefIfCond", "creation", 0, 0, 1
"derefofnull.NullPointerDereferencePlugin$NullDerefCopyHandler:interface ru.isp.svace.ipa.operation.builtin.CopyOperationGroup.timidApply", "creation", 0, 0, 1
