Statistic for smt requests:
key|sat|unsat|unknow|error
ru.isp.svace.plugin.overflow.pathsens.BufferOverflowZ3Plugin$BufferOverflowChecker:interface ru.isp.svace.ipa.operation.builtin.CopyOperationGroup.bufferAccess|0|44|0|0
FuncCallResAttr|7|28|0|0
DerefOfNullRetSensPlugin|10|5|0|0
ru.isp.svace.plugin.derefofnull.DerefOfNullInconsistentPlugin$EndFuncChecker:interface ru.isp.svace.ipa.operation.builtin.CopyOperationGroup.functionEndForVar|2|5|0|0
BigPositiveValueAttr|1|4|0|0
ru.isp.svace.plugin.derefofnull.DerefOfNullPathSensPlugin$DerefChecker:interface ru.isp.svace.ipa.operation.builtin.CopyOperationGroup.deref|1|4|0|0
ru.isp.svace.plugin.derefofnull.DerefOfNullPathSensPlugin$DerefChecker:interface ru.isp.svace.ipa.operation.builtin.CopyOperationGroup.apply|0|2|0|0
ru.isp.svace.plugin.uninit.AbstractUninitExPlugin$AccessUninitLocalVarHandler:interface ru.isp.svace.ipa.operation.builtin.CopyOperationGroup.returnFromCurProc|1|0|0|0
BufferOverflowProc|0|1|0|0
SuffDerefIfCond|0|1|0|0
ru.isp.svace.plugin.derefofnull.NullPointerDereferencePlugin$NullDerefCopyHandler:interface ru.isp.svace.ipa.operation.builtin.CopyOperationGroup.timidApply|0|1|0|0

Time statistic (ms):
key|max|average|number|sum
FuncCallResAttr|92|18.742857|35|656
ru.isp.svace.plugin.overflow.pathsens.BufferOverflowZ3Plugin$BufferOverflowChecker:interface ru.isp.svace.ipa.operation.builtin.CopyOperationGroup.bufferAccess|14|4.409091|44|194
BigPositiveValueAttr|31|13.6|5|68
ru.isp.svace.plugin.derefofnull.DerefOfNullInconsistentPlugin$EndFuncChecker:interface ru.isp.svace.ipa.operation.builtin.CopyOperationGroup.functionEndForVar|16|8.428572|7|59
DerefOfNullRetSensPlugin|13|3.8666666|15|58
ru.isp.svace.plugin.uninit.AbstractUninitExPlugin$AccessUninitLocalVarHandler:interface ru.isp.svace.ipa.operation.builtin.CopyOperationGroup.returnFromCurProc|21|21.0|1|21
ru.isp.svace.plugin.derefofnull.DerefOfNullPathSensPlugin$DerefChecker:interface ru.isp.svace.ipa.operation.builtin.CopyOperationGroup.deref|6|3.8|5|19
ru.isp.svace.plugin.derefofnull.DerefOfNullPathSensPlugin$DerefChecker:interface ru.isp.svace.ipa.operation.builtin.CopyOperationGroup.apply|6|5.0|2|10
BufferOverflowProc|9|9.0|1|9
SuffDerefIfCond|3|3.0|1|3
ru.isp.svace.plugin.derefofnull.NullPointerDereferencePlugin$NullDerefCopyHandler:interface ru.isp.svace.ipa.operation.builtin.CopyOperationGroup.timidApply|2|2.0|1|2
